scenario,topk,expert_rank,row,src_rank,src_token_idx,topk_slot,expert_id,is_remote,bytes,t_return_start,t_return_end,t_remote_completion,error_code
balanced,1,0,0,0,32,0,0,0,80,1786810846359414752,1786810846359416800,1786810846359440352,0
balanced,1,0,1,0,36,0,0,0,80,1786810846359414752,1786810846359416800,1786810846359440352,0
balanced,1,0,2,0,40,0,0,0,80,1786810846359414752,1786810846359416800,1786810846359440352,0
balanced,1,0,3,0,44,0,0,0,80,1786810846359414752,1786810846359416800,1786810846359440352,0
balanced,1,0,4,1,3,0,0,1,80,1786810846359414752,1786810846359416800,1786810846359440352,0
balanced,1,0,5,1,7,0,0,1,80,1786810846359414752,1786810846359416800,1786810846359440352,0
balanced,1,0,6,1,11,0,0,1,80,1786810846359414752,1786810846359416800,1786810846359440352,0
balanced,1,0,7,1,15,0,0,1,80,1786810846359414752,1786810846359416800,1786810846359440352,0
balanced,1,0,8,1,19,0,0,1,80,1786810846359414752,1786810846359416800,1786810846359440352,0
balanced,1,0,9,1,23,0,0,1,80,1786810846359414752,1786810846359416800,1786810846359440352,0
balanced,1,0,10,1,27,0,0,1,80,1786810846359414752,1786810846359416800,1786810846359440352,0
balanced,1,0,11,1,31,0,0,1,80,1786810846359414752,1786810846359416800,1786810846359440352,0
balanced,1,0,12,1,35,0,0,1,80,1786810846359414752,1786810846359416800,1786810846359440352,0
balanced,1,0,13,1,39,0,0,1,80,1786810846359414752,1786810846359416800,1786810846359440352,0
balanced,1,0,14,1,43,0,0,1,80,1786810846359414752,1786810846359416800,1786810846359440352,0
balanced,1,0,15,1,47,0,0,1,80,1786810846359414752,1786810846359416800,1786810846359440352,0
balanced,1,0,16,0,16,0,0,0,80,1786810846359414752,1786810846359416800,1786810846359440352,0
balanced,1,0,17,0,20,0,0,0,80,1786810846359414752,1786810846359416800,1786810846359440352,0
balanced,1,0,18,0,24,0,0,0,80,1786810846359414752,1786810846359416800,1786810846359440352,0
balanced,1,0,19,0,28,0,0,0,80,1786810846359414752,1786810846359416800,1786810846359440352,0
balanced,1,0,20,0,0,0,0,0,80,1786810846359414752,1786810846359416800,1786810846359440352,0
balanced,1,0,21,0,4,0,0,0,80,1786810846359414752,1786810846359416800,1786810846359440352,0
balanced,1,0,22,0,8,0,0,0,80,1786810846359414752,1786810846359416800,1786810846359440352,0
balanced,1,0,23,0,12,0,0,0,80,1786810846359414752,1786810846359416800,1786810846359440352,0
balanced,1,0,24,0,33,0,1,0,80,1786810846359417824,1786810846359419872,1786810846359440352,0
balanced,1,0,25,0,37,0,1,0,80,1786810846359417824,1786810846359419872,1786810846359440352,0
balanced,1,0,26,0,41,0,1,0,80,1786810846359417824,1786810846359419872,1786810846359440352,0
balanced,1,0,27,0,45,0,1,0,80,1786810846359417824,1786810846359419872,1786810846359440352,0
balanced,1,0,28,1,0,0,1,1,80,1786810846359417824,1786810846359419872,1786810846359440352,0
balanced,1,0,29,1,4,0,1,1,80,1786810846359417824,1786810846359419872,1786810846359440352,0
balanced,1,0,30,1,8,0,1,1,80,1786810846359417824,1786810846359419872,1786810846359440352,0
balanced,1,0,31,1,12,0,1,1,80,1786810846359417824,1786810846359419872,1786810846359440352,0
balanced,1,0,32,1,16,0,1,1,80,1786810846359417824,1786810846359419872,1786810846359440352,0
balanced,1,0,33,1,20,0,1,1,80,1786810846359417824,1786810846359419872,1786810846359440352,0
balanced,1,0,34,1,24,0,1,1,80,1786810846359417824,1786810846359419872,1786810846359440352,0
balanced,1,0,35,1,28,0,1,1,80,1786810846359417824,1786810846359419872,1786810846359440352,0
balanced,1,0,36,1,32,0,1,1,80,1786810846359417824,1786810846359419872,1786810846359440352,0
balanced,1,0,37,1,36,0,1,1,80,1786810846359417824,1786810846359419872,1786810846359440352,0
balanced,1,0,38,1,40,0,1,1,80,1786810846359417824,1786810846359419872,1786810846359440352,0
balanced,1,0,39,1,44,0,1,1,80,1786810846359417824,1786810846359419872,1786810846359440352,0
balanced,1,0,40,0,17,0,1,0,80,1786810846359417824,1786810846359419872,1786810846359440352,0
balanced,1,0,41,0,21,0,1,0,80,1786810846359417824,1786810846359419872,1786810846359440352,0
balanced,1,0,42,0,25,0,1,0,80,1786810846359417824,1786810846359419872,1786810846359440352,0
balanced,1,0,43,0,29,0,1,0,80,1786810846359417824,1786810846359419872,1786810846359440352,0
balanced,1,0,44,0,1,0,1,0,80,1786810846359417824,1786810846359419872,1786810846359440352,0
balanced,1,0,45,0,5,0,1,0,80,1786810846359417824,1786810846359419872,1786810846359440352,0
balanced,1,0,46,0,9,0,1,0,80,1786810846359417824,1786810846359419872,1786810846359440352,0
balanced,1,0,47,0,13,0,1,0,80,1786810846359417824,1786810846359419872,1786810846359440352,0
balanced,1,1,0,0,34,0,2,1,80,1786810847575074784,1786810847575077856,1786810847575101408,0
balanced,1,1,1,0,38,0,2,1,80,1786810847575074784,1786810847575077856,1786810847575101408,0
balanced,1,1,2,0,42,0,2,1,80,1786810847575074784,1786810847575077856,1786810847575101408,0
balanced,1,1,3,0,46,0,2,1,80,1786810847575074784,1786810847575077856,1786810847575101408,0
balanced,1,1,4,1,17,0,2,0,80,1786810847575074784,1786810847575077856,1786810847575101408,0
balanced,1,1,5,1,21,0,2,0,80,1786810847575074784,1786810847575077856,1786810847575101408,0
balanced,1,1,6,1,25,0,2,0,80,1786810847575074784,1786810847575077856,1786810847575101408,0
balanced,1,1,7,1,33,0,2,0,80,1786810847575074784,1786810847575077856,1786810847575101408,0
balanced,1,1,8,1,29,0,2,0,80,1786810847575074784,1786810847575077856,1786810847575101408,0
balanced,1,1,9,1,37,0,2,0,80,1786810847575074784,1786810847575077856,1786810847575101408,0
balanced,1,1,10,1,41,0,2,0,80,1786810847575074784,1786810847575077856,1786810847575101408,0
balanced,1,1,11,1,45,0,2,0,80,1786810847575074784,1786810847575077856,1786810847575101408,0
balanced,1,1,12,1,1,0,2,0,80,1786810847575074784,1786810847575077856,1786810847575101408,0
balanced,1,1,13,1,5,0,2,0,80,1786810847575074784,1786810847575077856,1786810847575101408,0
balanced,1,1,14,1,9,0,2,0,80,1786810847575074784,1786810847575077856,1786810847575101408,0
balanced,1,1,15,1,13,0,2,0,80,1786810847575074784,1786810847575077856,1786810847575101408,0
balanced,1,1,16,0,18,0,2,1,80,1786810847575074784,1786810847575077856,1786810847575101408,0
balanced,1,1,17,0,22,0,2,1,80,1786810847575074784,1786810847575077856,1786810847575101408,0
balanced,1,1,18,0,26,0,2,1,80,1786810847575074784,1786810847575077856,1786810847575101408,0
balanced,1,1,19,0,30,0,2,1,80,1786810847575074784,1786810847575077856,1786810847575101408,0
balanced,1,1,20,0,2,0,2,1,80,1786810847575074784,1786810847575077856,1786810847575101408,0
balanced,1,1,21,0,6,0,2,1,80,1786810847575074784,1786810847575077856,1786810847575101408,0
balanced,1,1,22,0,10,0,2,1,80,1786810847575074784,1786810847575077856,1786810847575101408,0
balanced,1,1,23,0,14,0,2,1,80,1786810847575074784,1786810847575077856,1786810847575101408,0
balanced,1,1,24,0,35,0,3,1,80,1786810847575077856,1786810847575079904,1786810847575101408,0
balanced,1,1,25,0,39,0,3,1,80,1786810847575077856,1786810847575079904,1786810847575101408,0
balanced,1,1,26,0,43,0,3,1,80,1786810847575077856,1786810847575079904,1786810847575101408,0
balanced,1,1,27,0,47,0,3,1,80,1786810847575077856,1786810847575079904,1786810847575101408,0
balanced,1,1,28,1,18,0,3,0,80,1786810847575077856,1786810847575079904,1786810847575101408,0
balanced,1,1,29,1,22,0,3,0,80,1786810847575077856,1786810847575079904,1786810847575101408,0
balanced,1,1,30,1,26,0,3,0,80,1786810847575077856,1786810847575079904,1786810847575101408,0
balanced,1,1,31,1,34,0,3,0,80,1786810847575077856,1786810847575079904,1786810847575101408,0
balanced,1,1,32,1,30,0,3,0,80,1786810847575077856,1786810847575079904,1786810847575101408,0
balanced,1,1,33,1,38,0,3,0,80,1786810847575077856,1786810847575079904,1786810847575101408,0
balanced,1,1,34,1,42,0,3,0,80,1786810847575077856,1786810847575079904,1786810847575101408,0
balanced,1,1,35,1,46,0,3,0,80,1786810847575077856,1786810847575079904,1786810847575101408,0
balanced,1,1,36,1,2,0,3,0,80,1786810847575077856,1786810847575079904,1786810847575101408,0
balanced,1,1,37,1,6,0,3,0,80,1786810847575077856,1786810847575079904,1786810847575101408,0
balanced,1,1,38,1,10,0,3,0,80,1786810847575077856,1786810847575079904,1786810847575101408,0
balanced,1,1,39,1,14,0,3,0,80,1786810847575077856,1786810847575079904,1786810847575101408,0
balanced,1,1,40,0,19,0,3,1,80,1786810847575077856,1786810847575079904,1786810847575101408,0
balanced,1,1,41,0,23,0,3,1,80,1786810847575077856,1786810847575079904,1786810847575101408,0
balanced,1,1,42,0,27,0,3,1,80,1786810847575077856,1786810847575079904,1786810847575101408,0
balanced,1,1,43,0,31,0,3,1,80,1786810847575077856,1786810847575079904,1786810847575101408,0
balanced,1,1,44,0,3,0,3,1,80,1786810847575077856,1786810847575079904,1786810847575101408,0
balanced,1,1,45,0,7,0,3,1,80,1786810847575077856,1786810847575079904,1786810847575101408,0
balanced,1,1,46,0,11,0,3,1,80,1786810847575077856,1786810847575079904,1786810847575101408,0
balanced,1,1,47,0,15,0,3,1,80,1786810847575077856,1786810847575079904,1786810847575101408,0
skewed,2,0,0,1,32,0,0,1,80,1786810846901984224,1786810846901987296,1786810846902000608,0
skewed,2,0,1,1,33,0,0,1,80,1786810846901984224,1786810846901987296,1786810846902000608,0
skewed,2,0,2,1,0,0,0,1,80,1786810846901984224,1786810846901987296,1786810846902000608,0
skewed,2,0,3,1,34,0,0,1,80,1786810846901984224,1786810846901987296,1786810846902000608,0
skewed,2,0,4,1,16,0,0,1,80,1786810846901984224,1786810846901987296,1786810846902000608,0
skewed,2,0,5,1,1,0,0,1,80,1786810846901984224,1786810846901987296,1786810846902000608,0
skewed,2,0,6,1,35,0,0,1,80,1786810846901984224,1786810846901987296,1786810846902000608,0
skewed,2,0,7,1,17,0,0,1,80,1786810846901984224,1786810846901987296,1786810846902000608,0
skewed,2,0,8,1,2,0,0,1,80,1786810846901984224,1786810846901987296,1786810846902000608,0
skewed,2,0,9,1,36,0,0,1,80,1786810846901984224,1786810846901987296,1786810846902000608,0
skewed,2,0,10,1,18,0,0,1,80,1786810846901984224,1786810846901987296,1786810846902000608,0
skewed,2,0,11,1,3,0,0,1,80,1786810846901984224,1786810846901987296,1786810846902000608,0
skewed,2,0,12,1,37,0,0,1,80,1786810846901984224,1786810846901987296,1786810846902000608,0
skewed,2,0,13,1,19,0,0,1,80,1786810846901984224,1786810846901987296,1786810846902000608,0
skewed,2,0,14,1,4,0,0,1,80,1786810846901984224,1786810846901987296,1786810846902000608,0
skewed,2,0,15,1,38,0,0,1,80,1786810846901984224,1786810846901987296,1786810846902000608,0
skewed,2,0,16,1,20,0,0,1,80,1786810846901984224,1786810846901987296,1786810846902000608,0
skewed,2,0,17,0,32,0,0,0,80,1786810846901984224,1786810846901987296,1786810846902000608,0
skewed,2,0,18,1,5,0,0,1,80,1786810846901984224,1786810846901987296,1786810846902000608,0
skewed,2,0,19,1,39,0,0,1,80,1786810846901984224,1786810846901987296,1786810846902000608,0
skewed,2,0,20,1,21,0,0,1,80,1786810846901984224,1786810846901987296,1786810846902000608,0
skewed,2,0,21,0,33,0,0,0,80,1786810846901984224,1786810846901987296,1786810846902000608,0
skewed,2,0,22,1,6,0,0,1,80,1786810846901984224,1786810846901987296,1786810846902000608,0
skewed,2,0,23,1,40,0,0,1,80,1786810846901984224,1786810846901987296,1786810846902000608,0
skewed,2,0,24,1,22,0,0,1,80,1786810846901984224,1786810846901987296,1786810846902000608,0
skewed,2,0,25,0,34,0,0,0,80,1786810846901984224,1786810846901987296,1786810846902000608,0
skewed,2,0,26,1,7,0,0,1,80,1786810846901984224,1786810846901987296,1786810846902000608,0
skewed,2,0,27,1,41,0,0,1,80,1786810846901984224,1786810846901987296,1786810846902000608,0
skewed,2,0,28,1,23,0,0,1,80,1786810846901984224,1786810846901987296,1786810846902000608,0
skewed,2,0,29,0,35,0,0,0,80,1786810846901984224,1786810846901987296,1786810846902000608,0
skewed,2,0,30,0,0,0,0,0,80,1786810846901984224,1786810846901987296,1786810846902000608,0
skewed,2,0,31,1,8,0,0,1,80,1786810846901984224,1786810846901987296,1786810846902000608,0
skewed,2,0,32,0,16,0,0,0,80,1786810846901984224,1786810846901987296,1786810846902000608,0
skewed,2,0,33,1,42,0,0,1,80,1786810846901984224,1786810846901987296,1786810846902000608,0
skewed,2,0,34,1,24,0,0,1,80,1786810846901984224,1786810846901987296,1786810846902000608,0
skewed,2,0,35,0,36,0,0,0,80,1786810846901984224,1786810846901987296,1786810846902000608,0
skewed,2,0,36,0,1,0,0,0,80,1786810846901984224,1786810846901987296,1786810846902000608,0
skewed,2,0,37,1,9,0,0,1,80,1786810846901984224,1786810846901987296,1786810846902000608,0
skewed,2,0,38,0,17,0,0,0,80,1786810846901984224,1786810846901987296,1786810846902000608,0
skewed,2,0,39,1,43,0,0,1,80,1786810846901984224,1786810846901987296,1786810846902000608,0
skewed,2,0,40,1,25,0,0,1,80,1786810846901984224,1786810846901987296,1786810846902000608,0
skewed,2,0,41,0,37,0,0,0,80,1786810846901984224,1786810846901987296,1786810846902000608,0
skewed,2,0,42,0,2,0,0,0,80,1786810846901984224,1786810846901987296,1786810846902000608,0
skewed,2,0,43,1,10,0,0,1,80,1786810846901984224,1786810846901987296,1786810846902000608,0
skewed,2,0,44,0,18,0,0,0,80,1786810846901984224,1786810846901987296,1786810846902000608,0
skewed,2,0,45,1,44,0,0,1,80,1786810846901984224,1786810846901987296,1786810846902000608,0
skewed,2,0,46,1,26,0,0,1,80,1786810846901984224,1786810846901987296,1786810846902000608,0
skewed,2,0,47,0,38,0,0,0,80,1786810846901984224,1786810846901987296,1786810846902000608,0
skewed,2,0,48,0,3,0,0,0,80,1786810846901984224,1786810846901987296,1786810846902000608,0
skewed,2,0,49,1,11,0,0,1,80,1786810846901984224,1786810846901987296,1786810846902000608,0
skewed,2,0,50,0,19,0,0,0,80,1786810846901984224,1786810846901987296,1786810846902000608,0
skewed,2,0,51,1,45,0,0,1,80,1786810846901984224,1786810846901987296,1786810846902000608,0
skewed,2,0,52,1,27,0,0,1,80,1786810846901984224,1786810846901987296,1786810846902000608,0
skewed,2,0,53,0,39,0,0,0,80,1786810846901984224,1786810846901987296,1786810846902000608,0
skewed,2,0,54,0,4,0,0,0,80,1786810846901984224,1786810846901987296,1786810846902000608,0
skewed,2,0,55,1,12,0,0,1,80,1786810846901984224,1786810846901987296,1786810846902000608,0
skewed,2,0,56,0,20,0,0,0,80,1786810846901984224,1786810846901987296,1786810846902000608,0
skewed,2,0,57,1,46,0,0,1,80,1786810846901984224,1786810846901987296,1786810846902000608,0
skewed,2,0,58,1,28,0,0,1,80,1786810846901984224,1786810846901987296,1786810846902000608,0
skewed,2,0,59,0,40,0,0,0,80,1786810846901984224,1786810846901987296,1786810846902000608,0
skewed,2,0,60,0,5,0,0,0,80,1786810846901984224,1786810846901987296,1786810846902000608,0
skewed,2,0,61,1,13,0,0,1,80,1786810846901984224,1786810846901987296,1786810846902000608,0
skewed,2,0,62,0,21,0,0,0,80,1786810846901984224,1786810846901987296,1786810846902000608,0
skewed,2,0,63,1,47,0,0,1,80,1786810846901984224,1786810846901987296,1786810846902000608,0
skewed,2,0,64,1,29,0,0,1,80,1786810846901984224,1786810846901987296,1786810846902000608,0
skewed,2,0,65,0,41,0,0,0,80,1786810846901984224,1786810846901987296,1786810846902000608,0
skewed,2,0,66,0,6,0,0,0,80,1786810846901984224,1786810846901987296,1786810846902000608,0
skewed,2,0,67,1,14,0,0,1,80,1786810846901984224,1786810846901987296,1786810846902000608,0
skewed,2,0,68,0,22,0,0,0,80,1786810846901984224,1786810846901987296,1786810846902000608,0
skewed,2,0,69,0,42,0,0,0,80,1786810846901984224,1786810846901987296,1786810846902000608,0
skewed,2,0,70,1,30,0,0,1,80,1786810846901984224,1786810846901987296,1786810846902000608,0
skewed,2,0,71,0,7,0,0,0,80,1786810846901984224,1786810846901987296,1786810846902000608,0
skewed,2,0,72,1,15,0,0,1,80,1786810846901984224,1786810846901987296,1786810846902000608,0
skewed,2,0,73,0,23,0,0,0,80,1786810846901984224,1786810846901987296,1786810846902000608,0
skewed,2,0,74,0,43,0,0,0,80,1786810846901984224,1786810846901987296,1786810846902000608,0
skewed,2,0,75,1,31,0,0,1,80,1786810846901984224,1786810846901987296,1786810846902000608,0
skewed,2,0,76,0,8,0,0,0,80,1786810846901984224,1786810846901987296,1786810846902000608,0
skewed,2,0,77,0,24,0,0,0,80,1786810846901984224,1786810846901987296,1786810846902000608,0
skewed,2,0,78,0,44,0,0,0,80,1786810846901984224,1786810846901987296,1786810846902000608,0
skewed,2,0,79,0,9,0,0,0,80,1786810846901984224,1786810846901987296,1786810846902000608,0
skewed,2,0,80,0,25,0,0,0,80,1786810846901984224,1786810846901987296,1786810846902000608,0
skewed,2,0,81,0,45,0,0,0,80,1786810846901984224,1786810846901987296,1786810846902000608,0
skewed,2,0,82,0,10,0,0,0,80,1786810846901984224,1786810846901987296,1786810846902000608,0
skewed,2,0,83,0,26,0,0,0,80,1786810846901984224,1786810846901987296,1786810846902000608,0
skewed,2,0,84,0,46,0,0,0,80,1786810846901984224,1786810846901987296,1786810846902000608,0
skewed,2,0,85,0,11,0,0,0,80,1786810846901984224,1786810846901987296,1786810846902000608,0
skewed,2,0,86,0,27,0,0,0,80,1786810846901984224,1786810846901987296,1786810846902000608,0
skewed,2,0,87,0,47,0,0,0,80,1786810846901984224,1786810846901987296,1786810846902000608,0
skewed,2,0,88,0,12,0,0,0,80,1786810846901984224,1786810846901987296,1786810846902000608,0
skewed,2,0,89,0,28,0,0,0,80,1786810846901984224,1786810846901987296,1786810846902000608,0
skewed,2,0,90,0,13,0,0,0,80,1786810846901984224,1786810846901987296,1786810846902000608,0
skewed,2,0,91,0,29,0,0,0,80,1786810846901984224,1786810846901987296,1786810846902000608,0
skewed,2,0,92,0,14,0,0,0,80,1786810846901984224,1786810846901987296,1786810846902000608,0
skewed,2,0,93,0,30,0,0,0,80,1786810846901984224,1786810846901987296,1786810846902000608,0
skewed,2,0,94,0,15,0,0,0,80,1786810846901984224,1786810846901987296,1786810846902000608,0
skewed,2,0,95,0,31,0,0,0,80,1786810846901984224,1786810846901987296,1786810846902000608,0
skewed,2,0,96,1,32,1,1,1,80,1786810846901989344,1786810846901991392,1786810846902000608,0
skewed,2,0,97,1,35,1,1,1,80,1786810846901989344,1786810846901991392,1786810846902000608,0
skewed,2,0,98,1,2,1,1,1,80,1786810846901989344,1786810846901991392,1786810846902000608,0
skewed,2,0,99,1,38,1,1,1,80,1786810846901989344,1786810846901991392,1786810846902000608,0
skewed,2,0,100,1,17,1,1,1,80,1786810846901989344,1786810846901991392,1786810846902000608,0
skewed,2,0,101,1,5,1,1,1,80,1786810846901989344,1786810846901991392,1786810846902000608,0
skewed,2,0,102,1,41,1,1,1,80,1786810846901989344,1786810846901991392,1786810846902000608,0
skewed,2,0,103,1,20,1,1,1,80,1786810846901989344,1786810846901991392,1786810846902000608,0
skewed,2,0,104,1,8,1,1,1,80,1786810846901989344,1786810846901991392,1786810846902000608,0
skewed,2,0,105,1,44,1,1,1,80,1786810846901989344,1786810846901991392,1786810846902000608,0
skewed,2,0,106,1,23,1,1,1,80,1786810846901989344,1786810846901991392,1786810846902000608,0
skewed,2,0,107,1,11,1,1,1,80,1786810846901989344,1786810846901991392,1786810846902000608,0
skewed,2,0,108,1,47,1,1,1,80,1786810846901989344,1786810846901991392,1786810846902000608,0
skewed,2,0,109,1,26,1,1,1,80,1786810846901989344,1786810846901991392,1786810846902000608,0
skewed,2,0,110,1,14,1,1,1,80,1786810846901989344,1786810846901991392,1786810846902000608,0
skewed,2,0,111,1,29,1,1,1,80,1786810846901989344,1786810846901991392,1786810846902000608,0
skewed,2,0,112,0,33,1,1,0,80,1786810846901989344,1786810846901991392,1786810846902000608,0
skewed,2,0,113,0,36,1,1,0,80,1786810846901989344,1786810846901991392,1786810846902000608,0
skewed,2,0,114,0,39,1,1,0,80,1786810846901989344,1786810846901991392,1786810846902000608,0
skewed,2,0,115,0,42,1,1,0,80,1786810846901989344,1786810846901991392,1786810846902000608,0
skewed,2,0,116,0,0,1,1,0,80,1786810846901989344,1786810846901991392,1786810846902000608,0
skewed,2,0,117,0,18,1,1,0,80,1786810846901989344,1786810846901991392,1786810846902000608,0
skewed,2,0,118,0,45,1,1,0,80,1786810846901989344,1786810846901991392,1786810846902000608,0
skewed,2,0,119,0,3,1,1,0,80,1786810846901989344,1786810846901991392,1786810846902000608,0
skewed,2,0,120,0,21,1,1,0,80,1786810846901989344,1786810846901991392,1786810846902000608,0
skewed,2,0,121,0,6,1,1,0,80,1786810846901989344,1786810846901991392,1786810846902000608,0
skewed,2,0,122,0,24,1,1,0,80,1786810846901989344,1786810846901991392,1786810846902000608,0
skewed,2,0,123,0,9,1,1,0,80,1786810846901989344,1786810846901991392,1786810846902000608,0
skewed,2,0,124,0,27,1,1,0,80,1786810846901989344,1786810846901991392,1786810846902000608,0
skewed,2,0,125,0,12,1,1,0,80,1786810846901989344,1786810846901991392,1786810846902000608,0
skewed,2,0,126,0,30,1,1,0,80,1786810846901989344,1786810846901991392,1786810846902000608,0
skewed,2,0,127,0,15,1,1,0,80,1786810846901989344,1786810846901991392,1786810846902000608,0
skewed,2,1,0,0,34,1,2,1,80,1786810848117644256,1786810848117648352,1786810848117660640,0
skewed,2,1,1,0,37,1,2,1,80,1786810848117644256,1786810848117648352,1786810848117660640,0
skewed,2,1,2,0,40,1,2,1,80,1786810848117644256,1786810848117648352,1786810848117660640,0
skewed,2,1,3,0,43,1,2,1,80,1786810848117644256,1786810848117648352,1786810848117660640,0
skewed,2,1,4,0,46,1,2,1,80,1786810848117644256,1786810848117648352,1786810848117660640,0
skewed,2,1,5,1,18,1,2,0,80,1786810848117644256,1786810848117648352,1786810848117660640,0
skewed,2,1,6,1,21,1,2,0,80,1786810848117644256,1786810848117648352,1786810848117660640,0
skewed,2,1,7,1,24,1,2,0,80,1786810848117644256,1786810848117648352,1786810848117660640,0
skewed,2,1,8,1,27,1,2,0,80,1786810848117644256,1786810848117648352,1786810848117660640,0
skewed,2,1,9,1,30,1,2,0,80,1786810848117644256,1786810848117648352,1786810848117660640,0
skewed,2,1,10,1,33,1,2,0,80,1786810848117644256,1786810848117648352,1786810848117660640,0
skewed,2,1,11,1,36,1,2,0,80,1786810848117644256,1786810848117648352,1786810848117660640,0
skewed,2,1,12,1,39,1,2,0,80,1786810848117644256,1786810848117648352,1786810848117660640,0
skewed,2,1,13,1,42,1,2,0,80,1786810848117644256,1786810848117648352,1786810848117660640,0
skewed,2,1,14,1,45,1,2,0,80,1786810848117644256,1786810848117648352,1786810848117660640,0
skewed,2,1,15,0,16,1,2,1,80,1786810848117644256,1786810848117648352,1786810848117660640,0
skewed,2,1,16,0,19,1,2,1,80,1786810848117644256,1786810848117648352,1786810848117660640,0
skewed,2,1,17,0,22,1,2,1,80,1786810848117644256,1786810848117648352,1786810848117660640,0
skewed,2,1,18,0,25,1,2,1,80,1786810848117644256,1786810848117648352,1786810848117660640,0
skewed,2,1,19,0,28,1,2,1,80,1786810848117644256,1786810848117648352,1786810848117660640,0
skewed,2,1,20,0,31,1,2,1,80,1786810848117644256,1786810848117648352,1786810848117660640,0
skewed,2,1,21,1,0,1,2,0,80,1786810848117644256,1786810848117648352,1786810848117660640,0
skewed,2,1,22,1,3,1,2,0,80,1786810848117644256,1786810848117648352,1786810848117660640,0
skewed,2,1,23,1,6,1,2,0,80,1786810848117644256,1786810848117648352,1786810848117660640,0
skewed,2,1,24,1,9,1,2,0,80,1786810848117644256,1786810848117648352,1786810848117660640,0
skewed,2,1,25,0,1,1,2,1,80,1786810848117644256,1786810848117648352,1786810848117660640,0
skewed,2,1,26,1,12,1,2,0,80,1786810848117644256,1786810848117648352,1786810848117660640,0
skewed,2,1,27,0,4,1,2,1,80,1786810848117644256,1786810848117648352,1786810848117660640,0
skewed,2,1,28,1,15,1,2,0,80,1786810848117644256,1786810848117648352,1786810848117660640,0
skewed,2,1,29,0,7,1,2,1,80,1786810848117644256,1786810848117648352,1786810848117660640,0
skewed,2,1,30,0,10,1,2,1,80,1786810848117644256,1786810848117648352,1786810848117660640,0
skewed,2,1,31,0,13,1,2,1,80,1786810848117644256,1786810848117648352,1786810848117660640,0
skewed,2,1,32,0,32,1,3,1,80,1786810848117649376,1786810848117651424,1786810848117660640,0
skewed,2,1,33,0,35,1,3,1,80,1786810848117649376,1786810848117651424,1786810848117660640,0
skewed,2,1,34,0,38,1,3,1,80,1786810848117649376,1786810848117651424,1786810848117660640,0
skewed,2,1,35,0,41,1,3,1,80,1786810848117649376,1786810848117651424,1786810848117660640,0
skewed,2,1,36,0,44,1,3,1,80,1786810848117649376,1786810848117651424,1786810848117660640,0
skewed,2,1,37,0,47,1,3,1,80,1786810848117649376,1786810848117651424,1786810848117660640,0
skewed,2,1,38,1,16,1,3,0,80,1786810848117649376,1786810848117651424,1786810848117660640,0
skewed,2,1,39,1,19,1,3,0,80,1786810848117649376,1786810848117651424,1786810848117660640,0
skewed,2,1,40,1,22,1,3,0,80,1786810848117649376,1786810848117651424,1786810848117660640,0
skewed,2,1,41,1,25,1,3,0,80,1786810848117649376,1786810848117651424,1786810848117660640,0
skewed,2,1,42,1,28,1,3,0,80,1786810848117649376,1786810848117651424,1786810848117660640,0
skewed,2,1,43,1,31,1,3,0,80,1786810848117649376,1786810848117651424,1786810848117660640,0
skewed,2,1,44,1,34,1,3,0,80,1786810848117649376,1786810848117651424,1786810848117660640,0
skewed,2,1,45,1,37,1,3,0,80,1786810848117649376,1786810848117651424,1786810848117660640,0
skewed,2,1,46,1,40,1,3,0,80,1786810848117649376,1786810848117651424,1786810848117660640,0
skewed,2,1,47,1,43,1,3,0,80,1786810848117649376,1786810848117651424,1786810848117660640,0
skewed,2,1,48,1,46,1,3,0,80,1786810848117649376,1786810848117651424,1786810848117660640,0
skewed,2,1,49,0,17,1,3,1,80,1786810848117649376,1786810848117651424,1786810848117660640,0
skewed,2,1,50,0,20,1,3,1,80,1786810848117649376,1786810848117651424,1786810848117660640,0
skewed,2,1,51,0,23,1,3,1,80,1786810848117649376,1786810848117651424,1786810848117660640,0
skewed,2,1,52,0,26,1,3,1,80,1786810848117649376,1786810848117651424,1786810848117660640,0
skewed,2,1,53,0,29,1,3,1,80,1786810848117649376,1786810848117651424,1786810848117660640,0
skewed,2,1,54,1,1,1,3,0,80,1786810848117649376,1786810848117651424,1786810848117660640,0
skewed,2,1,55,1,4,1,3,0,80,1786810848117649376,1786810848117651424,1786810848117660640,0
skewed,2,1,56,1,7,1,3,0,80,1786810848117649376,1786810848117651424,1786810848117660640,0
skewed,2,1,57,1,10,1,3,0,80,1786810848117649376,1786810848117651424,1786810848117660640,0
skewed,2,1,58,0,2,1,3,1,80,1786810848117649376,1786810848117651424,1786810848117660640,0
skewed,2,1,59,1,13,1,3,0,80,1786810848117649376,1786810848117651424,1786810848117660640,0
skewed,2,1,60,0,5,1,3,1,80,1786810848117649376,1786810848117651424,1786810848117660640,0
skewed,2,1,61,0,8,1,3,1,80,1786810848117649376,1786810848117651424,1786810848117660640,0
skewed,2,1,62,0,11,1,3,1,80,1786810848117649376,1786810848117651424,1786810848117660640,0
skewed,2,1,63,0,14,1,3,1,80,1786810848117649376,1786810848117651424,1786810848117660640,0
all_to_one_like,3,0,0,1,0,0,0,1,80,1786810847457625056,1786810847457628128,1786810847457641440,0
all_to_one_like,3,0,1,1,1,0,0,1,80,1786810847457625056,1786810847457628128,1786810847457641440,0
all_to_one_like,3,0,2,1,2,0,0,1,80,1786810847457625056,1786810847457628128,1786810847457641440,0
all_to_one_like,3,0,3,1,3,0,0,1,80,1786810847457625056,1786810847457628128,1786810847457641440,0
all_to_one_like,3,0,4,1,4,0,0,1,80,1786810847457625056,1786810847457628128,1786810847457641440,0
all_to_one_like,3,0,5,1,16,0,0,1,80,1786810847457625056,1786810847457628128,1786810847457641440,0
all_to_one_like,3,0,6,1,5,0,0,1,80,1786810847457625056,1786810847457628128,1786810847457641440,0
all_to_one_like,3,0,7,1,17,0,0,1,80,1786810847457625056,1786810847457628128,1786810847457641440,0
all_to_one_like,3,0,8,1,6,0,0,1,80,1786810847457625056,1786810847457628128,1786810847457641440,0
all_to_one_like,3,0,9,1,18,0,0,1,80,1786810847457625056,1786810847457628128,1786810847457641440,0
all_to_one_like,3,0,10,1,7,0,0,1,80,1786810847457625056,1786810847457628128,1786810847457641440,0
all_to_one_like,3,0,11,1,19,0,0,1,80,1786810847457625056,1786810847457628128,1786810847457641440,0
all_to_one_like,3,0,12,1,8,0,0,1,80,1786810847457625056,1786810847457628128,1786810847457641440,0
all_to_one_like,3,0,13,1,20,0,0,1,80,1786810847457625056,1786810847457628128,1786810847457641440,0
all_to_one_like,3,0,14,1,9,0,0,1,80,1786810847457625056,1786810847457628128,1786810847457641440,0
all_to_one_like,3,0,15,1,21,0,0,1,80,1786810847457625056,1786810847457628128,1786810847457641440,0
all_to_one_like,3,0,16,0,32,0,0,0,80,1786810847457625056,1786810847457628128,1786810847457641440,0
all_to_one_like,3,0,17,1,10,0,0,1,80,1786810847457625056,1786810847457628128,1786810847457641440,0
all_to_one_like,3,0,18,1,22,0,0,1,80,1786810847457625056,1786810847457628128,1786810847457641440,0
all_to_one_like,3,0,19,0,33,0,0,0,80,1786810847457625056,1786810847457628128,1786810847457641440,0
all_to_one_like,3,0,20,1,11,0,0,1,80,1786810847457625056,1786810847457628128,1786810847457641440,0
all_to_one_like,3,0,21,1,23,0,0,1,80,1786810847457625056,1786810847457628128,1786810847457641440,0
all_to_one_like,3,0,22,0,34,0,0,0,80,1786810847457625056,1786810847457628128,1786810847457641440,0
all_to_one_like,3,0,23,1,12,0,0,1,80,1786810847457625056,1786810847457628128,1786810847457641440,0
all_to_one_like,3,0,24,1,24,0,0,1,80,1786810847457625056,1786810847457628128,1786810847457641440,0
all_to_one_like,3,0,25,0,35,0,0,0,80,1786810847457625056,1786810847457628128,1786810847457641440,0
all_to_one_like,3,0,26,1,13,0,0,1,80,1786810847457625056,1786810847457628128,1786810847457641440,0
all_to_one_like,3,0,27,1,25,0,0,1,80,1786810847457625056,1786810847457628128,1786810847457641440,0
all_to_one_like,3,0,28,0,36,0,0,0,80,1786810847457625056,1786810847457628128,1786810847457641440,0
all_to_one_like,3,0,29,1,14,0,0,1,80,1786810847457625056,1786810847457628128,1786810847457641440,0
all_to_one_like,3,0,30,1,26,0,0,1,80,1786810847457625056,1786810847457628128,1786810847457641440,0
all_to_one_like,3,0,31,0,37,0,0,0,80,1786810847457625056,1786810847457628128,1786810847457641440,0
all_to_one_like,3,0,32,1,32,0,0,1,80,1786810847457625056,1786810847457628128,1786810847457641440,0
all_to_one_like,3,0,33,1,15,0,0,1,80,1786810847457625056,1786810847457628128,1786810847457641440,0
all_to_one_like,3,0,34,1,27,0,0,1,80,1786810847457625056,1786810847457628128,1786810847457641440,0
all_to_one_like,3,0,35,0,38,0,0,0,80,1786810847457625056,1786810847457628128,1786810847457641440,0
all_to_one_like,3,0,36,1,33,0,0,1,80,1786810847457625056,1786810847457628128,1786810847457641440,0
all_to_one_like,3,0,37,1,28,0,0,1,80,1786810847457625056,1786810847457628128,1786810847457641440,0
all_to_one_like,3,0,38,0,39,0,0,0,80,1786810847457625056,1786810847457628128,1786810847457641440,0
all_to_one_like,3,0,39,0,16,0,0,0,80,1786810847457625056,1786810847457628128,1786810847457641440,0
all_to_one_like,3,0,40,1,34,0,0,1,80,1786810847457625056,1786810847457628128,1786810847457641440,0
all_to_one_like,3,0,41,1,29,0,0,1,80,1786810847457625056,1786810847457628128,1786810847457641440,0
all_to_one_like,3,0,42,0,40,0,0,0,80,1786810847457625056,1786810847457628128,1786810847457641440,0
all_to_one_like,3,0,43,0,17,0,0,0,80,1786810847457625056,1786810847457628128,1786810847457641440,0
all_to_one_like,3,0,44,1,35,0,0,1,80,1786810847457625056,1786810847457628128,1786810847457641440,0
all_to_one_like,3,0,45,1,30,0,0,1,80,1786810847457625056,1786810847457628128,1786810847457641440,0
all_to_one_like,3,0,46,0,41,0,0,0,80,1786810847457625056,1786810847457628128,1786810847457641440,0
all_to_one_like,3,0,47,0,18,0,0,0,80,1786810847457625056,1786810847457628128,1786810847457641440,0
all_to_one_like,3,0,48,1,36,0,0,1,80,1786810847457625056,1786810847457628128,1786810847457641440,0
all_to_one_like,3,0,49,1,31,0,0,1,80,1786810847457625056,1786810847457628128,1786810847457641440,0
all_to_one_like,3,0,50,0,42,0,0,0,80,1786810847457625056,1786810847457628128,1786810847457641440,0
all_to_one_like,3,0,51,0,19,0,0,0,80,1786810847457625056,1786810847457628128,1786810847457641440,0
all_to_one_like,3,0,52,1,37,0,0,1,80,1786810847457625056,1786810847457628128,1786810847457641440,0
all_to_one_like,3,0,53,0,43,0,0,0,80,1786810847457625056,1786810847457628128,1786810847457641440,0
all_to_one_like,3,0,54,0,20,0,0,0,80,1786810847457625056,1786810847457628128,1786810847457641440,0
all_to_one_like,3,0,55,1,38,0,0,1,80,1786810847457625056,1786810847457628128,1786810847457641440,0
all_to_one_like,3,0,56,0,0,0,0,0,80,1786810847457625056,1786810847457628128,1786810847457641440,0
all_to_one_like,3,0,57,0,44,0,0,0,80,1786810847457625056,1786810847457628128,1786810847457641440,0
all_to_one_like,3,0,58,0,21,0,0,0,80,1786810847457625056,1786810847457628128,1786810847457641440,0
all_to_one_like,3,0,59,1,39,0,0,1,80,1786810847457625056,1786810847457628128,1786810847457641440,0
all_to_one_like,3,0,60,0,1,0,0,0,80,1786810847457625056,1786810847457628128,1786810847457641440,0
all_to_one_like,3,0,61,0,45,0,0,0,80,1786810847457625056,1786810847457628128,1786810847457641440,0
all_to_one_like,3,0,62,0,22,0,0,0,80,1786810847457625056,1786810847457628128,1786810847457641440,0
all_to_one_like,3,0,63,1,40,0,0,1,80,1786810847457625056,1786810847457628128,1786810847457641440,0
all_to_one_like,3,0,64,0,2,0,0,0,80,1786810847457625056,1786810847457628128,1786810847457641440,0
all_to_one_like,3,0,65,0,46,0,0,0,80,1786810847457625056,1786810847457628128,1786810847457641440,0
all_to_one_like,3,0,66,0,23,0,0,0,80,1786810847457625056,1786810847457628128,1786810847457641440,0
all_to_one_like,3,0,67,1,41,0,0,1,80,1786810847457625056,1786810847457628128,1786810847457641440,0
all_to_one_like,3,0,68,0,3,0,0,0,80,1786810847457625056,1786810847457628128,1786810847457641440,0
all_to_one_like,3,0,69,0,47,0,0,0,80,1786810847457625056,1786810847457628128,1786810847457641440,0
all_to_one_like,3,0,70,0,24,0,0,0,80,1786810847457625056,1786810847457628128,1786810847457641440,0
all_to_one_like,3,0,71,1,42,0,0,1,80,1786810847457625056,1786810847457628128,1786810847457641440,0
all_to_one_like,3,0,72,0,4,0,0,0,80,1786810847457625056,1786810847457628128,1786810847457641440,0
all_to_one_like,3,0,73,0,25,0,0,0,80,1786810847457625056,1786810847457628128,1786810847457641440,0
all_to_one_like,3,0,74,1,43,0,0,1,80,1786810847457625056,1786810847457628128,1786810847457641440,0
all_to_one_like,3,0,75,0,5,0,0,0,80,1786810847457625056,1786810847457628128,1786810847457641440,0
all_to_one_like,3,0,76,0,26,0,0,0,80,1786810847457625056,1786810847457628128,1786810847457641440,0
all_to_one_like,3,0,77,1,44,0,0,1,80,1786810847457625056,1786810847457628128,1786810847457641440,0
all_to_one_like,3,0,78,0,6,0,0,0,80,1786810847457625056,1786810847457628128,1786810847457641440,0
all_to_one_like,3,0,79,0,27,0,0,0,80,1786810847457625056,1786810847457628128,1786810847457641440,0
all_to_one_like,3,0,80,1,45,0,0,1,80,1786810847457625056,1786810847457628128,1786810847457641440,0
all_to_one_like,3,0,81,0,7,0,0,0,80,1786810847457625056,1786810847457628128,1786810847457641440,0
all_to_one_like,3,0,82,0,28,0,0,0,80,1786810847457625056,1786810847457628128,1786810847457641440,0
all_to_one_like,3,0,83,1,46,0,0,1,80,1786810847457625056,1786810847457628128,1786810847457641440,0
all_to_one_like,3,0,84,0,8,0,0,0,80,1786810847457625056,1786810847457628128,1786810847457641440,0
all_to_one_like,3,0,85,0,29,0,0,0,80,1786810847457625056,1786810847457628128,1786810847457641440,0
all_to_one_like,3,0,86,1,47,0,0,1,80,1786810847457625056,1786810847457628128,1786810847457641440,0
all_to_one_like,3,0,87,0,9,0,0,0,80,1786810847457625056,1786810847457628128,1786810847457641440,0
all_to_one_like,3,0,88,0,30,0,0,0,80,1786810847457625056,1786810847457628128,1786810847457641440,0
all_to_one_like,3,0,89,0,10,0,0,0,80,1786810847457625056,1786810847457628128,1786810847457641440,0
all_to_one_like,3,0,90,0,31,0,0,0,80,1786810847457625056,1786810847457628128,1786810847457641440,0
all_to_one_like,3,0,91,0,11,0,0,0,80,1786810847457625056,1786810847457628128,1786810847457641440,0
all_to_one_like,3,0,92,0,12,0,0,0,80,1786810847457625056,1786810847457628128,1786810847457641440,0
all_to_one_like,3,0,93,0,13,0,0,0,80,1786810847457625056,1786810847457628128,1786810847457641440,0
all_to_one_like,3,0,94,0,14,0,0,0,80,1786810847457625056,1786810847457628128,1786810847457641440,0
all_to_one_like,3,0,95,0,15,0,0,0,80,1786810847457625056,1786810847457628128,1786810847457641440,0
all_to_one_like,3,0,96,1,0,1,1,1,80,1786810847457629152,1786810847457632224,1786810847457641440,0
all_to_one_like,3,0,97,1,1,1,1,1,80,1786810847457629152,1786810847457632224,1786810847457641440,0
all_to_one_like,3,0,98,1,2,1,1,1,80,1786810847457629152,1786810847457632224,1786810847457641440,0
all_to_one_like,3,0,99,1,3,1,1,1,80,1786810847457629152,1786810847457632224,1786810847457641440,0
all_to_one_like,3,0,100,1,4,1,1,1,80,1786810847457629152,1786810847457632224,1786810847457641440,0
all_to_one_like,3,0,101,1,16,1,1,1,80,1786810847457629152,1786810847457632224,1786810847457641440,0
all_to_one_like,3,0,102,1,5,1,1,1,80,1786810847457629152,1786810847457632224,1786810847457641440,0
all_to_one_like,3,0,103,1,17,1,1,1,80,1786810847457629152,1786810847457632224,1786810847457641440,0
all_to_one_like,3,0,104,1,6,1,1,1,80,1786810847457629152,1786810847457632224,1786810847457641440,0
all_to_one_like,3,0,105,1,18,1,1,1,80,1786810847457629152,1786810847457632224,1786810847457641440,0
all_to_one_like,3,0,106,1,7,1,1,1,80,1786810847457629152,1786810847457632224,1786810847457641440,0
all_to_one_like,3,0,107,1,19,1,1,1,80,1786810847457629152,1786810847457632224,1786810847457641440,0
all_to_one_like,3,0,108,1,8,1,1,1,80,1786810847457629152,1786810847457632224,1786810847457641440,0
all_to_one_like,3,0,109,1,20,1,1,1,80,1786810847457629152,1786810847457632224,1786810847457641440,0
all_to_one_like,3,0,110,1,9,1,1,1,80,1786810847457629152,1786810847457632224,1786810847457641440,0
all_to_one_like,3,0,111,1,21,1,1,1,80,1786810847457629152,1786810847457632224,1786810847457641440,0
all_to_one_like,3,0,112,0,32,1,1,0,80,1786810847457629152,1786810847457632224,1786810847457641440,0
all_to_one_like,3,0,113,1,10,1,1,1,80,1786810847457629152,1786810847457632224,1786810847457641440,0
all_to_one_like,3,0,114,1,22,1,1,1,80,1786810847457629152,1786810847457632224,1786810847457641440,0
all_to_one_like,3,0,115,0,33,1,1,0,80,1786810847457629152,1786810847457632224,1786810847457641440,0
all_to_one_like,3,0,116,1,11,1,1,1,80,1786810847457629152,1786810847457632224,1786810847457641440,0
all_to_one_like,3,0,117,1,23,1,1,1,80,1786810847457629152,1786810847457632224,1786810847457641440,0
all_to_one_like,3,0,118,0,34,1,1,0,80,1786810847457629152,1786810847457632224,1786810847457641440,0
all_to_one_like,3,0,119,1,12,1,1,1,80,1786810847457629152,1786810847457632224,1786810847457641440,0
all_to_one_like,3,0,120,1,24,1,1,1,80,1786810847457629152,1786810847457632224,1786810847457641440,0
all_to_one_like,3,0,121,0,35,1,1,0,80,1786810847457629152,1786810847457632224,1786810847457641440,0
all_to_one_like,3,0,122,1,13,1,1,1,80,1786810847457629152,1786810847457632224,1786810847457641440,0
all_to_one_like,3,0,123,1,25,1,1,1,80,1786810847457629152,1786810847457632224,1786810847457641440,0
all_to_one_like,3,0,124,0,36,1,1,0,80,1786810847457629152,1786810847457632224,1786810847457641440,0
all_to_one_like,3,0,125,1,14,1,1,1,80,1786810847457629152,1786810847457632224,1786810847457641440,0
all_to_one_like,3,0,126,1,26,1,1,1,80,1786810847457629152,1786810847457632224,1786810847457641440,0
all_to_one_like,3,0,127,0,37,1,1,0,80,1786810847457629152,1786810847457632224,1786810847457641440,0
all_to_one_like,3,0,128,1,32,1,1,1,80,1786810847457629152,1786810847457632224,1786810847457641440,0
all_to_one_like,3,0,129,1,15,1,1,1,80,1786810847457629152,1786810847457632224,1786810847457641440,0
all_to_one_like,3,0,130,1,27,1,1,1,80,1786810847457629152,1786810847457632224,1786810847457641440,0
all_to_one_like,3,0,131,0,38,1,1,0,80,1786810847457629152,1786810847457632224,1786810847457641440,0
all_to_one_like,3,0,132,1,33,1,1,1,80,1786810847457629152,1786810847457632224,1786810847457641440,0
all_to_one_like,3,0,133,1,28,1,1,1,80,1786810847457629152,1786810847457632224,1786810847457641440,0
all_to_one_like,3,0,134,0,39,1,1,0,80,1786810847457629152,1786810847457632224,1786810847457641440,0
all_to_one_like,3,0,135,0,16,1,1,0,80,1786810847457629152,1786810847457632224,1786810847457641440,0
all_to_one_like,3,0,136,1,34,1,1,1,80,1786810847457629152,1786810847457632224,1786810847457641440,0
all_to_one_like,3,0,137,1,29,1,1,1,80,1786810847457629152,1786810847457632224,1786810847457641440,0
all_to_one_like,3,0,138,0,40,1,1,0,80,1786810847457629152,1786810847457632224,1786810847457641440,0
all_to_one_like,3,0,139,0,17,1,1,0,80,1786810847457629152,1786810847457632224,1786810847457641440,0
all_to_one_like,3,0,140,1,35,1,1,1,80,1786810847457629152,1786810847457632224,1786810847457641440,0
all_to_one_like,3,0,141,1,30,1,1,1,80,1786810847457629152,1786810847457632224,1786810847457641440,0
all_to_one_like,3,0,142,0,41,1,1,0,80,1786810847457629152,1786810847457632224,1786810847457641440,0
all_to_one_like,3,0,143,0,18,1,1,0,80,1786810847457629152,1786810847457632224,1786810847457641440,0
all_to_one_like,3,0,144,1,36,1,1,1,80,1786810847457629152,1786810847457632224,1786810847457641440,0
all_to_one_like,3,0,145,1,31,1,1,1,80,1786810847457629152,1786810847457632224,1786810847457641440,0
all_to_one_like,3,0,146,0,42,1,1,0,80,1786810847457629152,1786810847457632224,1786810847457641440,0
all_to_one_like,3,0,147,0,19,1,1,0,80,1786810847457629152,1786810847457632224,1786810847457641440,0
all_to_one_like,3,0,148,1,37,1,1,1,80,1786810847457629152,1786810847457632224,1786810847457641440,0
all_to_one_like,3,0,149,0,43,1,1,0,80,1786810847457629152,1786810847457632224,1786810847457641440,0
all_to_one_like,3,0,150,0,20,1,1,0,80,1786810847457629152,1786810847457632224,1786810847457641440,0
all_to_one_like,3,0,151,1,38,1,1,1,80,1786810847457629152,1786810847457632224,1786810847457641440,0
all_to_one_like,3,0,152,0,0,1,1,0,80,1786810847457629152,1786810847457632224,1786810847457641440,0
all_to_one_like,3,0,153,0,44,1,1,0,80,1786810847457629152,1786810847457632224,1786810847457641440,0
all_to_one_like,3,0,154,0,21,1,1,0,80,1786810847457629152,1786810847457632224,1786810847457641440,0
all_to_one_like,3,0,155,1,39,1,1,1,80,1786810847457629152,1786810847457632224,1786810847457641440,0
all_to_one_like,3,0,156,0,1,1,1,0,80,1786810847457629152,1786810847457632224,1786810847457641440,0
all_to_one_like,3,0,157,0,45,1,1,0,80,1786810847457629152,1786810847457632224,1786810847457641440,0
all_to_one_like,3,0,158,0,22,1,1,0,80,1786810847457629152,1786810847457632224,1786810847457641440,0
all_to_one_like,3,0,159,1,40,1,1,1,80,1786810847457629152,1786810847457632224,1786810847457641440,0
all_to_one_like,3,0,160,0,2,1,1,0,80,1786810847457629152,1786810847457632224,1786810847457641440,0
all_to_one_like,3,0,161,0,46,1,1,0,80,1786810847457629152,1786810847457632224,1786810847457641440,0
all_to_one_like,3,0,162,0,23,1,1,0,80,1786810847457629152,1786810847457632224,1786810847457641440,0
all_to_one_like,3,0,163,1,41,1,1,1,80,1786810847457629152,1786810847457632224,1786810847457641440,0
all_to_one_like,3,0,164,0,3,1,1,0,80,1786810847457629152,1786810847457632224,1786810847457641440,0
all_to_one_like,3,0,165,0,47,1,1,0,80,1786810847457629152,1786810847457632224,1786810847457641440,0
all_to_one_like,3,0,166,0,24,1,1,0,80,1786810847457629152,1786810847457632224,1786810847457641440,0
all_to_one_like,3,0,167,1,42,1,1,1,80,1786810847457629152,1786810847457632224,1786810847457641440,0
all_to_one_like,3,0,168,0,4,1,1,0,80,1786810847457629152,1786810847457632224,1786810847457641440,0
all_to_one_like,3,0,169,0,25,1,1,0,80,1786810847457629152,1786810847457632224,1786810847457641440,0
all_to_one_like,3,0,170,1,43,1,1,1,80,1786810847457629152,1786810847457632224,1786810847457641440,0
all_to_one_like,3,0,171,0,5,1,1,0,80,1786810847457629152,1786810847457632224,1786810847457641440,0
all_to_one_like,3,0,172,0,26,1,1,0,80,1786810847457629152,1786810847457632224,1786810847457641440,0
all_to_one_like,3,0,173,1,44,1,1,1,80,1786810847457629152,1786810847457632224,1786810847457641440,0
all_to_one_like,3,0,174,0,6,1,1,0,80,1786810847457629152,1786810847457632224,1786810847457641440,0
all_to_one_like,3,0,175,0,27,1,1,0,80,1786810847457629152,1786810847457632224,1786810847457641440,0
all_to_one_like,3,0,176,1,45,1,1,1,80,1786810847457629152,1786810847457632224,1786810847457641440,0
all_to_one_like,3,0,177,0,7,1,1,0,80,1786810847457629152,1786810847457632224,1786810847457641440,0
all_to_one_like,3,0,178,0,28,1,1,0,80,1786810847457629152,1786810847457632224,1786810847457641440,0
all_to_one_like,3,0,179,1,46,1,1,1,80,1786810847457629152,1786810847457632224,1786810847457641440,0
all_to_one_like,3,0,180,0,8,1,1,0,80,1786810847457629152,1786810847457632224,1786810847457641440,0
all_to_one_like,3,0,181,0,29,1,1,0,80,1786810847457629152,1786810847457632224,1786810847457641440,0
all_to_one_like,3,0,182,1,47,1,1,1,80,1786810847457629152,1786810847457632224,1786810847457641440,0
all_to_one_like,3,0,183,0,9,1,1,0,80,1786810847457629152,1786810847457632224,1786810847457641440,0
all_to_one_like,3,0,184,0,30,1,1,0,80,1786810847457629152,1786810847457632224,1786810847457641440,0
all_to_one_like,3,0,185,0,10,1,1,0,80,1786810847457629152,1786810847457632224,1786810847457641440,0
all_to_one_like,3,0,186,0,31,1,1,0,80,1786810847457629152,1786810847457632224,1786810847457641440,0
all_to_one_like,3,0,187,0,11,1,1,0,80,1786810847457629152,1786810847457632224,1786810847457641440,0
all_to_one_like,3,0,188,0,12,1,1,0,80,1786810847457629152,1786810847457632224,1786810847457641440,0
all_to_one_like,3,0,189,0,13,1,1,0,80,1786810847457629152,1786810847457632224,1786810847457641440,0
all_to_one_like,3,0,190,0,14,1,1,0,80,1786810847457629152,1786810847457632224,1786810847457641440,0
all_to_one_like,3,0,191,0,15,1,1,0,80,1786810847457629152,1786810847457632224,1786810847457641440,0
all_to_one_like,3,1,0,0,32,2,2,1,80,1786810848673285088,1786810848673287136,1786810848673299424,0
all_to_one_like,3,1,1,0,34,2,2,1,80,1786810848673285088,1786810848673287136,1786810848673299424,0
all_to_one_like,3,1,2,0,36,2,2,1,80,1786810848673285088,1786810848673287136,1786810848673299424,0
all_to_one_like,3,1,3,0,38,2,2,1,80,1786810848673285088,1786810848673287136,1786810848673299424,0
all_to_one_like,3,1,4,0,40,2,2,1,80,1786810848673285088,1786810848673287136,1786810848673299424,0
all_to_one_like,3,1,5,0,42,2,2,1,80,1786810848673285088,1786810848673287136,1786810848673299424,0
all_to_one_like,3,1,6,0,44,2,2,1,80,1786810848673285088,1786810848673287136,1786810848673299424,0
all_to_one_like,3,1,7,0,46,2,2,1,80,1786810848673285088,1786810848673287136,1786810848673299424,0
all_to_one_like,3,1,8,1,17,2,2,0,80,1786810848673285088,1786810848673287136,1786810848673299424,0
all_to_one_like,3,1,9,1,19,2,2,0,80,1786810848673285088,1786810848673287136,1786810848673299424,0
all_to_one_like,3,1,10,1,21,2,2,0,80,1786810848673285088,1786810848673287136,1786810848673299424,0
all_to_one_like,3,1,11,1,23,2,2,0,80,1786810848673285088,1786810848673287136,1786810848673299424,0
all_to_one_like,3,1,12,1,25,2,2,0,80,1786810848673285088,1786810848673287136,1786810848673299424,0
all_to_one_like,3,1,13,1,27,2,2,0,80,1786810848673285088,1786810848673287136,1786810848673299424,0
all_to_one_like,3,1,14,1,29,2,2,0,80,1786810848673285088,1786810848673287136,1786810848673299424,0
all_to_one_like,3,1,15,1,31,2,2,0,80,1786810848673285088,1786810848673287136,1786810848673299424,0
all_to_one_like,3,1,16,0,16,2,2,1,80,1786810848673285088,1786810848673287136,1786810848673299424,0
all_to_one_like,3,1,17,0,18,2,2,1,80,1786810848673285088,1786810848673287136,1786810848673299424,0
all_to_one_like,3,1,18,0,20,2,2,1,80,1786810848673285088,1786810848673287136,1786810848673299424,0
all_to_one_like,3,1,19,0,22,2,2,1,80,1786810848673285088,1786810848673287136,1786810848673299424,0
all_to_one_like,3,1,20,1,33,2,2,0,80,1786810848673285088,1786810848673287136,1786810848673299424,0
all_to_one_like,3,1,21,0,24,2,2,1,80,1786810848673285088,1786810848673287136,1786810848673299424,0
all_to_one_like,3,1,22,1,35,2,2,0,80,1786810848673285088,1786810848673287136,1786810848673299424,0
all_to_one_like,3,1,23,0,26,2,2,1,80,1786810848673285088,1786810848673287136,1786810848673299424,0
all_to_one_like,3,1,24,1,37,2,2,0,80,1786810848673285088,1786810848673287136,1786810848673299424,0
all_to_one_like,3,1,25,0,28,2,2,1,80,1786810848673285088,1786810848673287136,1786810848673299424,0
all_to_one_like,3,1,26,1,39,2,2,0,80,1786810848673285088,1786810848673287136,1786810848673299424,0
all_to_one_like,3,1,27,0,30,2,2,1,80,1786810848673285088,1786810848673287136,1786810848673299424,0
all_to_one_like,3,1,28,1,41,2,2,0,80,1786810848673285088,1786810848673287136,1786810848673299424,0
all_to_one_like,3,1,29,1,43,2,2,0,80,1786810848673285088,1786810848673287136,1786810848673299424,0
all_to_one_like,3,1,30,1,45,2,2,0,80,1786810848673285088,1786810848673287136,1786810848673299424,0
all_to_one_like,3,1,31,1,47,2,2,0,80,1786810848673285088,1786810848673287136,1786810848673299424,0
all_to_one_like,3,1,32,0,0,2,2,1,80,1786810848673285088,1786810848673287136,1786810848673299424,0
all_to_one_like,3,1,33,0,2,2,2,1,80,1786810848673285088,1786810848673287136,1786810848673299424,0
all_to_one_like,3,1,34,0,4,2,2,1,80,1786810848673285088,1786810848673287136,1786810848673299424,0
all_to_one_like,3,1,35,0,6,2,2,1,80,1786810848673285088,1786810848673287136,1786810848673299424,0
all_to_one_like,3,1,36,0,8,2,2,1,80,1786810848673285088,1786810848673287136,1786810848673299424,0
all_to_one_like,3,1,37,1,1,2,2,0,80,1786810848673285088,1786810848673287136,1786810848673299424,0
all_to_one_like,3,1,38,0,10,2,2,1,80,1786810848673285088,1786810848673287136,1786810848673299424,0
all_to_one_like,3,1,39,1,3,2,2,0,80,1786810848673285088,1786810848673287136,1786810848673299424,0
all_to_one_like,3,1,40,0,12,2,2,1,80,1786810848673285088,1786810848673287136,1786810848673299424,0
all_to_one_like,3,1,41,1,5,2,2,0,80,1786810848673285088,1786810848673287136,1786810848673299424,0
all_to_one_like,3,1,42,0,14,2,2,1,80,1786810848673285088,1786810848673287136,1786810848673299424,0
all_to_one_like,3,1,43,1,7,2,2,0,80,1786810848673285088,1786810848673287136,1786810848673299424,0
all_to_one_like,3,1,44,1,9,2,2,0,80,1786810848673285088,1786810848673287136,1786810848673299424,0
all_to_one_like,3,1,45,1,11,2,2,0,80,1786810848673285088,1786810848673287136,1786810848673299424,0
all_to_one_like,3,1,46,1,13,2,2,0,80,1786810848673285088,1786810848673287136,1786810848673299424,0
all_to_one_like,3,1,47,1,15,2,2,0,80,1786810848673285088,1786810848673287136,1786810848673299424,0
all_to_one_like,3,1,48,0,33,2,3,1,80,1786810848673288160,1786810848673290208,1786810848673299424,0
all_to_one_like,3,1,49,0,35,2,3,1,80,1786810848673288160,1786810848673290208,1786810848673299424,0
all_to_one_like,3,1,50,0,37,2,3,1,80,1786810848673288160,1786810848673290208,1786810848673299424,0
all_to_one_like,3,1,51,0,39,2,3,1,80,1786810848673288160,1786810848673290208,1786810848673299424,0
all_to_one_like,3,1,52,0,41,2,3,1,80,1786810848673288160,1786810848673290208,1786810848673299424,0
all_to_one_like,3,1,53,0,43,2,3,1,80,1786810848673288160,1786810848673290208,1786810848673299424,0
all_to_one_like,3,1,54,0,45,2,3,1,80,1786810848673288160,1786810848673290208,1786810848673299424,0
all_to_one_like,3,1,55,0,47,2,3,1,80,1786810848673288160,1786810848673290208,1786810848673299424,0
all_to_one_like,3,1,56,1,16,2,3,0,80,1786810848673288160,1786810848673290208,1786810848673299424,0
all_to_one_like,3,1,57,1,18,2,3,0,80,1786810848673288160,1786810848673290208,1786810848673299424,0
all_to_one_like,3,1,58,1,20,2,3,0,80,1786810848673288160,1786810848673290208,1786810848673299424,0
all_to_one_like,3,1,59,1,22,2,3,0,80,1786810848673288160,1786810848673290208,1786810848673299424,0
all_to_one_like,3,1,60,1,24,2,3,0,80,1786810848673288160,1786810848673290208,1786810848673299424,0
all_to_one_like,3,1,61,1,26,2,3,0,80,1786810848673288160,1786810848673290208,1786810848673299424,0
all_to_one_like,3,1,62,1,28,2,3,0,80,1786810848673288160,1786810848673290208,1786810848673299424,0
all_to_one_like,3,1,63,1,30,2,3,0,80,1786810848673288160,1786810848673290208,1786810848673299424,0
all_to_one_like,3,1,64,0,17,2,3,1,80,1786810848673288160,1786810848673290208,1786810848673299424,0
all_to_one_like,3,1,65,0,19,2,3,1,80,1786810848673288160,1786810848673290208,1786810848673299424,0
all_to_one_like,3,1,66,0,21,2,3,1,80,1786810848673288160,1786810848673290208,1786810848673299424,0
all_to_one_like,3,1,67,0,23,2,3,1,80,1786810848673288160,1786810848673290208,1786810848673299424,0
all_to_one_like,3,1,68,1,32,2,3,0,80,1786810848673288160,1786810848673290208,1786810848673299424,0
all_to_one_like,3,1,69,0,25,2,3,1,80,1786810848673288160,1786810848673290208,1786810848673299424,0
all_to_one_like,3,1,70,1,34,2,3,0,80,1786810848673288160,1786810848673290208,1786810848673299424,0
all_to_one_like,3,1,71,0,27,2,3,1,80,1786810848673288160,1786810848673290208,1786810848673299424,0
all_to_one_like,3,1,72,1,36,2,3,0,80,1786810848673288160,1786810848673290208,1786810848673299424,0
all_to_one_like,3,1,73,0,29,2,3,1,80,1786810848673288160,1786810848673290208,1786810848673299424,0
all_to_one_like,3,1,74,1,38,2,3,0,80,1786810848673288160,1786810848673290208,1786810848673299424,0
all_to_one_like,3,1,75,0,31,2,3,1,80,1786810848673288160,1786810848673290208,1786810848673299424,0
all_to_one_like,3,1,76,1,40,2,3,0,80,1786810848673288160,1786810848673290208,1786810848673299424,0
all_to_one_like,3,1,77,1,42,2,3,0,80,1786810848673288160,1786810848673290208,1786810848673299424,0
all_to_one_like,3,1,78,1,44,2,3,0,80,1786810848673288160,1786810848673290208,1786810848673299424,0
all_to_one_like,3,1,79,1,46,2,3,0,80,1786810848673288160,1786810848673290208,1786810848673299424,0
all_to_one_like,3,1,80,0,1,2,3,1,80,1786810848673288160,1786810848673290208,1786810848673299424,0
all_to_one_like,3,1,81,0,3,2,3,1,80,1786810848673288160,1786810848673290208,1786810848673299424,0
all_to_one_like,3,1,82,0,5,2,3,1,80,1786810848673288160,1786810848673290208,1786810848673299424,0
all_to_one_like,3,1,83,0,7,2,3,1,80,1786810848673288160,1786810848673290208,1786810848673299424,0
all_to_one_like,3,1,84,0,9,2,3,1,80,1786810848673288160,1786810848673290208,1786810848673299424,0
all_to_one_like,3,1,85,1,0,2,3,0,80,1786810848673288160,1786810848673290208,1786810848673299424,0
all_to_one_like,3,1,86,0,11,2,3,1,80,1786810848673288160,1786810848673290208,1786810848673299424,0
all_to_one_like,3,1,87,1,2,2,3,0,80,1786810848673288160,1786810848673290208,1786810848673299424,0
all_to_one_like,3,1,88,0,13,2,3,1,80,1786810848673288160,1786810848673290208,1786810848673299424,0
all_to_one_like,3,1,89,1,4,2,3,0,80,1786810848673288160,1786810848673290208,1786810848673299424,0
all_to_one_like,3,1,90,0,15,2,3,1,80,1786810848673288160,1786810848673290208,1786810848673299424,0
all_to_one_like,3,1,91,1,6,2,3,0,80,1786810848673288160,1786810848673290208,1786810848673299424,0
all_to_one_like,3,1,92,1,8,2,3,0,80,1786810848673288160,1786810848673290208,1786810848673299424,0
all_to_one_like,3,1,93,1,10,2,3,0,80,1786810848673288160,1786810848673290208,1786810848673299424,0
all_to_one_like,3,1,94,1,12,2,3,0,80,1786810848673288160,1786810848673290208,1786810848673299424,0
all_to_one_like,3,1,95,1,14,2,3,0,80,1786810848673288160,1786810848673290208,1786810848673299424,0
