seed,family,job,equivalence_pass,nccl_d_primary_makespan_us,nccl_d_router_final_us,nccl_d_forward_done_us,nccl_d_expert_done_us,nccl_d_return_done_us,nccl_d_median_ready_skew_us,nccl_d_median_issue_skew_us,nccl_d_median_gpu_start_skew_us,nccl_d_median_ready_to_issue_us,nccl_d_median_issue_to_gpu_start_us,nccl_d_median_ready_to_gpu_start_us,nccl_d_median_gpu_comm_envelope_us,nccl_d_median_gpu_kernel_duration_us,nccl_d_median_router_overlap_us,nccl_d_router_overlap_descriptors,nccl_d_rank_issues_before_final_router,nccl_p_primary_makespan_us,nccl_p_router_final_us,nccl_p_forward_done_us,nccl_p_expert_done_us,nccl_p_return_done_us,nccl_p_median_ready_skew_us,nccl_p_median_issue_skew_us,nccl_p_median_gpu_start_skew_us,nccl_p_median_ready_to_issue_us,nccl_p_median_issue_to_gpu_start_us,nccl_p_median_ready_to_gpu_start_us,nccl_p_median_gpu_comm_envelope_us,nccl_p_median_gpu_kernel_duration_us,nccl_p_median_router_overlap_us,nccl_p_router_overlap_descriptors,nccl_p_rank_issues_before_final_router,mscclpp_d_primary_makespan_us,mscclpp_d_router_final_us,mscclpp_d_forward_done_us,mscclpp_d_expert_done_us,mscclpp_d_return_done_us,mscclpp_d_median_ready_skew_us,mscclpp_d_median_issue_skew_us,mscclpp_d_median_gpu_start_skew_us,mscclpp_d_median_ready_to_issue_us,mscclpp_d_median_issue_to_gpu_start_us,mscclpp_d_median_ready_to_gpu_start_us,mscclpp_d_median_gpu_comm_envelope_us,mscclpp_d_median_gpu_kernel_duration_us,mscclpp_d_median_router_overlap_us,mscclpp_d_router_overlap_descriptors,mscclpp_d_rank_issues_before_final_router,mscclpp_p_primary_makespan_us,mscclpp_p_router_final_us,mscclpp_p_forward_done_us,mscclpp_p_expert_done_us,mscclpp_p_return_done_us,mscclpp_p_median_ready_skew_us,mscclpp_p_median_issue_skew_us,mscclpp_p_median_gpu_start_skew_us,mscclpp_p_median_ready_to_issue_us,mscclpp_p_median_issue_to_gpu_start_us,mscclpp_p_median_ready_to_gpu_start_us,mscclpp_p_median_gpu_comm_envelope_us,mscclpp_p_median_gpu_kernel_duration_us,mscclpp_p_median_router_overlap_us,mscclpp_p_router_overlap_descriptors,mscclpp_p_rank_issues_before_final_router,gain_nccl_us,gain_mscclpp_us,gain_delta_mscclpp_minus_nccl_us
13042,all_to_one_like,0,True,438229.283,5450.172,343311.98,380837.69,437979.888,9.096,130.325,313.83,204700.756,156.105,204856.87050000002,320.878,67.352,0.0,0,0,434056.183,6823.443,338935.101,376677.767,433823.099,1094.825,11927.636,12088.218,133625.5115,152.7495,133776.9865,12105.734,77.50800000000001,0.0,0,0,481861.53,8450.967,385288.24,424232.283,481629.788,1824.142,2017.255,3559.902,128923.9235,1623.584,130540.48199999999,6271.449,1376.7655,0.0,0,0,455875.097,8320.194,360428.303,398504.918,455638.54,2590.606,3090.596,2994.796,65248.8055,966.352,66215.1575,5429.859,1462.2735,0.0,0,0,4173.099999999977,25986.43300000002,21813.333000000042
13042,all_to_one_like,1,True,453953.007,7699.073,358547.857,396433.54,453719.479,1526.09,127.76,310.774,204316.354,156.6575,204474.522,324.098,69.985,0.0,0,0,437131.061,6760.441,341729.618,379326.516,436897.748,1092.151,11933.11,12092.33,133767.28949999998,154.489,133921.3445,12095.34,72.479,0.0,0,0,454991.484,6751.71,360019.882,398118.915,454757.0,610.85,3685.323,4792.166,128508.636,1833.6889999999999,129920.4835,7882.603,1582.5935,0.0,0,0,461429.717,6826.866,365038.318,403197.22,461205.489,300.787,738.574,834.499,64394.451499999996,912.421,65289.769,2868.321,1488.9455,0.0,0,0,16821.945999999996,-6438.233000000007,-23260.179000000004
13042,all_to_one_like,2,True,451266.843,8253.233,356159.349,393875.083,451052.115,2485.202,134.685,317.772,202947.883,155.858,203103.741,321.894,69.29,0.0,0,0,433545.338,6589.754,337069.294,374719.455,433328.169,878.359,11922.738,12089.368,133582.8915,151.6845,133732.6875,12092.388,74.417,0.0,0,0,464445.12,7170.485,369654.474,407769.686,464211.737,937.193,9623.843,11406.113,131636.61349999998,1645.0045,133402.6355,14053.144,1436.664,0.0,0,0,451404.239,6127.579,356767.652,394420.542,451185.847,380.541,214.955,124.542,66811.053,871.4114999999999,67681.669,2820.73,1341.4375,0.0,0,0,17721.505000000005,13040.880999999994,-4680.624000000011
13042,balanced,0,True,641384.596,145758.554,470447.646,609099.852,641073.325,2138.626,116.291,299.162,207876.8065,167.04399999999998,208044.61,306.522,67.50399999999999,0.0,0,0,319001.234,7077.073,253050.852,287210.402,318765.944,986.635,857.874,864.076,105326.236,236.878,105563.114,867.18,3.074,0.0,0,0,335412.583,6316.442,269424.749,301363.916,335098.057,813.975,412.828,286.614,132840.882,1705.253,134663.6035,1564.656,1296.375,0.0,0,0,324167.984,6123.323,269673.425,292227.024,323927.684,194.443,51.465,64.783,68875.0745,1437.7215,70291.99100000001,971.034,788.992,0.0,0,0,322383.362,11244.598999999987,-311138.76300000004
13042,balanced,1,True,298193.505,6379.778,243559.045,266264.701,297956.418,1059.685,116.591,299.802,169235.3875,161.5375,169487.6115,307.62,63.973,0.0,0,0,306220.913,6645.546,250798.344,274053.866,305980.017,954.985,940.646,946.464,105830.1165,234.9085,106065.025,967.456,3.058,0.0,0,0,311421.619,6482.555,256138.624,279595.573,311178.862,1095.877,308.561,194.733,133312.5075,1563.7105000000001,134876.218,1437.687,985.078,0.0,0,0,313068.316,5289.902,258074.414,280982.203,312827.671,10.022,72.173,90.484,68976.143,1417.621,70389.28349999999,855.422,830.981,0.0,0,0,-8027.407999999996,-1646.6969999999856,6380.71100000001
13042,balanced,2,True,301425.119,6058.3,246841.83,269467.519,301190.156,664.072,117.218,304.554,172129.203,155.894,172285.935,307.528,65.314,0.0,0,0,297430.127,5650.813,243388.833,265886.553,297200.432,205.736,198.796,201.924,104680.825,233.7815,104914.6065,205.028,3.0549999999999997,0.0,0,0,321399.741,6964.771,266600.829,289372.609,321158.495,1044.713,1928.108,1984.174,133434.46649999998,1626.0265,134835.2315,3173.034,1006.3515,0.0,0,0,312089.327,6082.425,257769.99,280352.332,311851.827,706.17,830.324,735.67,69210.0545,1460.5720000000001,70657.74,1566.138,982.0155,0.0,0,0,3994.9920000000275,9310.41399999999,5315.421999999962
13042,multiple_progressive_shards,0,True,311094.722,5622.992,258664.025,278613.0,310877.12,872.432,117.507,205.998,152531.9725,165.1225,152697.095,307.994,69.413,0.0,0,0,295055.582,4555.404,242346.739,262330.124,294770.339,276.02,430.776,429.394,61577.272,236.51999999999998,61813.792,473.428,3.17,0.0,0,0,316580.166,4335.58,261711.864,284370.336,316339.914,237.969,114.989,69.697,130390.0685,992.6410000000001,131382.7095,980.984,716.789,0.0,0,0,320719.523,4476.752,267289.923,287529.784,320478.664,359.852,396.001,415.391,45190.894,1217.652,46673.349,1743.867,1162.75,0.0,0,0,16039.140000000014,-4139.35699999996,-20178.496999999974
13042,multiple_progressive_shards,1,True,301831.404,5395.062,249814.502,269074.61,301599.253,1128.377,119.858,179.486,149755.98200000002,198.4585,150007.0565,340.038,65.453,0.0,0,0,302154.991,4972.727,250134.543,269963.981,301935.946,531.9,544.967,545.856,62127.803499999995,236.1175,62363.921,704.672,3.089,0.0,0,0,318965.18,4740.954,267473.446,286843.606,318724.153,516.667,1521.965,1755.27,131677.33299999998,1287.942,132965.275,4404.364,1330.6875,0.0,0,0,324891.307,5340.47,270612.295,292819.384,324658.958,1045.77,1156.013,1092.382,42720.9325,1066.0414999999998,43786.974,1888.045,879.613,0.0,0,0,-323.58699999999953,-5926.126999999979,-5602.539999999979
13042,multiple_progressive_shards,2,True,295564.093,4718.396,244136.886,263658.865,295336.487,589.555,112.386,248.978,149221.1525,157.24599999999998,149378.3985,288.832,65.872,0.0,0,0,293875.159,4731.528,242529.433,261762.552,293640.758,490.58,485.978,489.628,61999.407,220.9065,62220.313500000004,615.016,3.281,0.0,0,0,310053.979,6058.195,258045.384,277977.09,309814.129,1611.761,1943.548,2025.316,130609.2995,1123.451,131871.6855,3351.395,1227.7815,0.0,0,0,304713.508,4341.196,254445.482,272770.091,304476.816,86.15,214.17,157.509,42580.1275,1053.3029999999999,43633.4305,1161.04,994.8235,0.0,0,0,1688.9340000000084,5340.47100000002,3651.537000000011
13042,skewed,0,True,409986.0,5723.695,328618.788,361194.925,409747.38,77.588,135.605,307.54,199841.89250000002,155.0325,199996.925,322.724,68.596,0.0,0,0,480100.346,9160.686,356195.491,426621.506,479878.491,2681.186,12075.169,12234.368,124197.621,147.055,124344.676,12267.06,83.03999999999999,0.0,0,0,457692.643,20013.698,368399.74,405305.309,457449.518,12945.078,10957.526,9689.104,133648.386,1592.5605,135284.24099999998,9906.198,1193.5155,0.0,0,0,432055.108,5388.59,349970.576,382744.985,431821.721,322.822,909.677,1188.948,68224.6195,1168.941,69370.579,2483.276,1000.961,0.0,0,0,-70114.34600000002,25637.534999999974,95751.881
13042,skewed,1,True,460050.543,29175.575,379543.609,411220.277,459741.646,22104.539,130.455,312.914,234150.191,170.0435,234320.23450000002,315.904,82.893,0.0,0,0,401045.869,10525.568,320687.273,352261.988,400813.501,4199.211,12289.097,12440.044,128775.5995,150.937,128926.5365,12460.714,81.09,0.0,0,0,432158.367,7191.012,349437.903,382517.658,431939.476,1177.929,1426.75,2493.736,132725.023,1555.2785,134280.3015,4457.783,1289.7265,0.0,0,0,436367.305,8927.906,355028.653,387148.273,436124.995,185.997,1209.188,1213.363,70135.004,1114.0839999999998,71215.016,2048.0,1041.9255,0.0,0,0,59004.674,-4208.9379999999655,-63213.611999999965
13042,skewed,2,True,428344.795,6747.149,341646.127,373322.203,428039.801,849.924,124.7,302.116,204850.698,157.34799999999998,205010.608,308.922,85.709,0.0,0,0,529011.227,6095.373,346351.437,378135.064,528752.398,625.536,12262.468,12409.074,139201.1405,159.0685,139352.84649999999,12412.08,81.635,0.0,0,0,430633.559,6795.232,349790.085,382143.947,430400.42,988.388,2475.729,4063.889,133188.6485,1442.902,134948.8945,5704.342,1125.0075,0.0,0,0,425922.113,9840.629,340556.874,372874.787,425686.319,4267.016,2034.648,2052.602,69284.87299999999,1053.7150000000001,70326.388,2418.156,912.906,0.0,0,0,-100666.43199999997,4711.445999999996,105377.87799999997
13042,zero_sized_pair,0,True,460260.365,5629.408,366195.679,403001.261,460043.239,25.3,132.279,309.03,208112.9105,157.208,208270.1185,312.356,64.39999999999999,0.0,0,0,457820.96,6635.56,362977.17,400055.733,457606.986,977.483,11899.536,12069.802,141092.1645,152.5705,141244.735,12072.686,68.25999999999999,0.0,0,0,491372.001,6621.324,396774.822,434300.577,491151.994,503.027,3172.225,4561.382,127848.739,1522.5775,129312.3585,8671.71,1356.2884999999999,0.0,0,0,468652.653,6739.174,373091.575,411172.373,468424.703,413.672,276.518,313.716,64103.896,877.2909999999999,64954.21,3401.726,1762.3085,0.0,0,0,2439.4049999999697,22719.347999999998,20279.94300000003
13042,zero_sized_pair,1,True,458425.255,6586.054,364403.794,401235.27,458196.806,391.614,119.738,305.992,210016.827,157.465,210174.29200000002,309.074,63.446,0.0,0,0,466464.907,9136.989,372544.38,409421.294,466251.816,127.9,11899.671,12071.824,146121.677,151.6995,146272.93099999998,12074.93,69.083,0.0,0,0,464494.03,5479.241,370075.209,407363.747,464277.035,30.122,4011.816,6431.957,128446.45850000001,1742.619,130417.29400000001,9030.863,1643.0155,0.0,0,0,465866.055,6052.892,371381.572,408427.535,465649.396,60.763,88.544,87.258,63955.051999999996,828.361,64773.5965,2937.875,1500.6875,0.0,0,0,-8039.652000000002,-1372.024999999965,6667.627000000037
13042,zero_sized_pair,2,True,449739.483,8117.771,355839.24,392442.252,449522.114,1963.276,122.228,308.832,202374.65350000001,156.746,202529.40600000002,314.172,65.521,0.0,0,0,451253.767,6167.531,350468.239,392496.802,451040.797,401.93,11910.105,12073.896,133275.303,152.7925,133428.0955,12077.158,69.01100000000001,0.0,0,0,487634.715,7222.956,392996.683,430201.434,487420.418,1092.006,2076.257,3848.293,127420.3835,1658.4229999999998,129078.8065,6800.496,1523.719,0.0,0,0,469605.535,6736.574,375171.406,412256.338,469394.925,505.783,1636.384,1671.965,64351.9375,852.7305,65213.361999999994,2721.789,1403.3905000000002,0.0,0,0,-1514.283999999985,18029.18000000005,19543.464000000036
13142,all_to_one_like,0,True,446821.379,8893.399,347419.677,389291.781,446554.239,2568.037,129.915,305.98,200633.518,155.101,200791.0745,309.598,71.366,0.0,0,0,447183.964,14336.403,352283.654,390105.432,446959.117,7905.082,11935.599,12065.634,142971.478,151.5625,143138.41249999998,12116.732,94.14699999999999,0.0,0,0,481482.713,6871.479,382987.028,423812.917,481212.146,285.993,5472.688,7889.083,132394.1705,1736.018,134469.649,11572.411,1460.7265,0.0,0,0,492079.095,7675.723,396287.15,435307.765,491642.143,2296.51,13456.865,13452.679,70105.2995,910.229,70994.0815,15540.616,1249.2815,0.0,0,0,-362.58499999996275,-10596.381999999983,-10233.79700000002
13142,all_to_one_like,1,True,447221.621,7226.118,351285.036,388915.588,446988.082,415.382,119.835,288.58,207554.814,161.60500000000002,207716.6235,297.308,70.557,0.0,0,0,441191.027,5991.848,338204.923,375975.34,440854.58,5.236,11905.125,12064.974,132943.67250000002,154.811,133101.0135,12077.762,77.023,0.0,0,0,470352.39,10934.569,372275.177,413152.809,470126.577,4398.259,8229.12,6158.992,132421.9755,1476.3435,134286.2985,6289.407,1376.758,0.0,0,0,449010.628,6422.251,353046.299,391483.149,448388.963,155.013,996.347,961.612,64950.438500000004,889.7825,65840.221,3506.246,1274.3675,0.0,0,0,6030.593999999983,21341.761999999988,15311.168000000005
13142,all_to_one_like,2,True,428545.614,8938.534,334085.037,371506.071,428312.814,2642.428,119.225,292.78,200068.38150000002,159.393,200231.1745,296.976,69.504,0.0,0,0,440373.652,6700.67,345362.209,383150.161,440156.77,563.454,11920.556,12064.746,136790.9875,156.7985,136945.1755,12081.616,80.825,0.0,0,0,460364.143,7996.051,365508.75,403507.393,460131.344,1739.451,6218.365,7751.596,129814.30350000001,1916.2554999999998,131439.20799999998,10979.237,1618.43,0.0,0,0,458865.68,7403.49,364093.534,402248.201,458648.193,1273.357,1629.294,1596.513,64491.319,909.5074999999999,65400.826499999996,4029.544,1224.703,0.0,0,0,-11828.038,1498.4629999999888,13326.50099999999
13142,balanced,0,True,303197.642,5425.631,246500.774,269149.311,302954.509,40.519,110.965,230.222,168197.37699999998,167.7705,168447.91950000002,251.92,63.858,0.0,0,0,506064.341,142437.207,431629.175,472938.695,505742.039,116.108,446.244,449.506,140569.9645,243.3865,140802.228,452.59,3.0679999999999996,0.0,0,0,321770.275,5945.56,266762.004,289621.585,321553.911,53.278,173.113,118.857,133082.587,1467.3539999999998,134534.8335,855.031,760.328,0.0,0,0,320947.782,5603.786,265935.841,288714.795,320703.759,153.022,322.468,396.638,68667.77549999999,1454.2375,70109.0755,1407.333,1115.141,0.0,0,0,-202866.69900000002,822.4930000000168,203689.19200000004
13142,balanced,1,True,306096.822,5638.348,251138.893,273598.207,305865.384,64.93,114.879,245.116,169253.1385,183.7825,169436.92099999997,248.108,52.407000000000004,0.0,0,0,313672.666,5534.296,258740.815,281271.511,313442.731,91.182,3029.544,3031.686,108040.5495,234.6335,108275.41649999999,3034.798,3.059,0.0,0,0,324885.998,7730.264,269480.391,292528.282,324644.46,2614.739,5831.236,5965.876,134351.4015,1693.239,136044.64049999998,8063.032,1367.039,0.0,0,0,329073.586,5836.362,270291.267,295805.042,328785.911,528.216,180.933,215.093,69166.532,1460.526,70610.67,1449.985,1006.609,0.0,0,0,-7575.844000000041,-4187.587999999989,3388.256000000052
13142,balanced,2,True,297384.906,5883.941,242646.104,265209.399,297150.191,461.076,119.031,309.05,170080.01799999998,156.1735,170236.44,313.096,66.612,0.0,0,0,298050.611,5501.619,243379.94,266085.937,297819.25,96.761,366.983,374.372,104483.236,235.65050000000002,104718.8865,377.378,3.09,0.0,0,0,322461.536,5360.393,267668.061,290162.669,322219.456,33.831,7092.941,6985.241,139355.994,1700.649,140855.62900000002,8675.882,976.711,0.0,0,0,322079.552,5574.152,266754.139,289614.683,321836.772,91.298,92.747,100.731,69261.1815,1468.47,70695.022,1041.406,881.1485,0.0,0,0,-665.7049999999581,381.98399999999674,1047.6889999999548
13142,multiple_progressive_shards,0,True,300236.891,5112.224,245942.102,266185.652,299990.805,951.157,119.582,304.002,152299.5785,154.751,152454.3295,306.81,67.428,0.0,0,0,312635.608,6695.214,258168.094,278398.445,312389.921,1561.675,1575.356,1581.286,65432.60400000001,244.02249999999998,65676.6265,1584.162,3.128,0.0,0,1,316381.781,4822.384,263270.046,283347.104,316136.658,654.384,2052.113,2005.129,131672.137,1187.547,132859.684,3244.176,1119.234,0.0,0,0,316387.389,5274.442,262676.073,282955.751,316154.669,1102.644,1315.308,1285.253,43073.0435,1069.3004999999998,44142.344,2378.886,981.5005000000001,0.0,0,0,-12398.717000000004,-5.608000000007451,12393.108999999997
13142,multiple_progressive_shards,1,True,300463.914,4767.36,247049.699,267170.25,300227.64,631.544,113.618,303.208,151515.6495,157.3085,151672.95799999998,361.236,69.74,0.0,0,0,326313.579,4269.369,266594.846,291368.821,325803.702,26.345,1415.673,1415.65,62566.182499999995,212.67,62799.252,1464.32,49.217,0.0,0,0,315784.555,4265.621,262183.084,282625.254,315532.148,17.028,71.976,113.74,132056.19400000002,1126.995,133360.923,1299.536,1060.351,0.0,0,0,311456.34,4114.869,258200.878,278528.502,311220.797,52.744,394.155,362.753,43486.989499999996,1084.282,44571.2715,1502.464,1177.086,0.0,0,0,-25849.665000000037,4328.214999999967,30177.880000000005
13142,multiple_progressive_shards,2,True,296402.204,4656.47,244137.232,263555.333,296158.727,418.113,126.793,308.952,151088.7955,155.18200000000002,151243.9775,350.454,70.30499999999999,0.0,0,0,310037.42,4981.905,258355.601,275769.214,309803.095,431.158,763.506,750.71,68270.286,230.906,68501.19200000001,943.254,2.9749999999999996,0.0,0,0,313074.754,4106.04,259805.966,280136.952,312827.102,27.105,687.177,608.988,132047.5435,1042.8535000000002,133090.397,1542.141,1274.3675,0.0,0,0,316928.508,6113.622,263285.148,283982.366,316680.845,1654.169,2608.255,2573.463,43389.428,1068.335,44457.763,3762.33,874.496,0.0,0,1,-13635.215999999957,-3853.753999999957,9781.462
13142,skewed,0,True,409153.675,13274.742,324441.68,360775.628,408908.231,7794.338,117.35,307.532,196796.662,156.46949999999998,196953.13150000002,310.736,66.879,0.0,0,0,417551.025,6209.972,333367.702,369561.253,417305.895,741.585,12348.152,12517.352,125018.11300000001,152.411,125170.524,12520.328,69.919,0.0,0,0,441206.491,7125.772,352428.986,392453.189,440958.79,1632.486,3494.852,2775.615,135516.628,1701.546,137172.5465,3781.194,1186.8285,0.0,0,0,423125.886,5522.112,335659.491,372198.247,422805.685,248.81,2222.435,2201.409,70147.80350000001,1426.33,71521.13,3683.12,1201.1485,0.0,0,0,-8397.350000000035,18080.60499999998,26477.955000000016
13142,skewed,1,True,401310.775,5261.019,316693.95,353256.908,401065.973,113.883,115.912,301.33,199048.385,158.6025,199206.9875,305.13,69.389,0.0,0,0,394862.263,5357.536,310122.112,346626.505,394617.667,55.564,12343.827,12509.39,123560.619,150.57049999999998,123710.399,12512.41,69.18299999999999,0.0,0,0,413606.446,5856.518,328742.956,365368.06,413361.626,465.294,1318.124,1386.894,133569.3935,1759.0585,135328.452,3373.637,1149.4455,0.0,0,0,415511.598,5710.034,331086.44,367593.293,415281.139,58.266,85.028,7.974,68826.826,1392.305,70218.006,1853.453,1014.781,0.0,0,0,6448.512000000046,-1905.1520000000019,-8353.664000000048
13142,skewed,2,True,548975.715,58924.66,458938.235,495996.027,548299.782,53145.832,199.418,401.264,286780.5505,160.691,286922.63049999997,531.33,132.4,0.0,0,0,412580.195,6382.253,329566.752,363424.833,412257.252,117.738,12251.852,12387.29,134816.3685,161.196,134975.3415,12408.866,78.919,0.0,0,0,526503.531,10508.594,444887.644,477318.691,526224.215,4556.591,112707.685,111228.436,185714.006,1360.8935000000001,187355.4045,111378.967,981.5,0.0,0,0,409171.904,10113.277,329044.17,360876.942,408924.426,4343.176,2873.591,2806.311,67995.446,1069.8944999999999,69034.3765,2970.155,804.863,0.0,0,0,136395.51999999996,117331.62699999998,-19063.892999999982
13142,zero_sized_pair,0,True,463179.54,6526.332,364370.617,403637.956,462963.652,761.68,130.063,310.966,206818.9245,156.058,206976.657,313.88,67.13799999999999,0.0,0,0,480658.211,5738.571,382027.812,420860.366,480443.025,33.425,12045.6,12210.91,155573.6165,150.8535,155727.7585,12213.764,71.15899999999999,0.0,0,0,494925.922,6297.775,396426.289,435704.599,494708.606,97.624,3207.17,4437.424,132836.83500000002,1579.775,134268.136,7076.283,1388.5545,0.0,0,0,476443.152,6309.401,378182.528,417152.362,476225.494,124.455,827.486,864.663,64488.1365,858.558,65341.257,2761.726,1411.5855000000001,0.0,0,0,-17478.67100000003,18482.77000000002,35961.44100000005
13142,zero_sized_pair,1,True,456921.635,6664.995,358569.637,396995.155,456686.326,506.012,137.664,322.148,202710.124,153.1395,202863.569,326.176,66.215,0.0,0,0,458853.896,5962.106,361354.654,399896.458,458632.377,146.061,12065.622,12231.57,135261.34600000002,150.8315,135423.9585,12234.638,68.696,0.0,0,0,486581.812,6858.028,388489.586,427428.53,486365.434,688.138,2147.316,2082.669,128392.6525,1504.523,129723.97899999999,4009.441,1349.1175,0.0,0,0,490013.311,12406.229,389500.503,428663.375,489796.193,6627.177,7702.185,7750.284,64399.0,847.102,65238.2295,7767.706,967.164,0.0,0,0,-1932.2609999999986,-3431.4990000000107,-1499.238000000012
13142,zero_sized_pair,2,True,457763.57,6696.795,360157.4,398534.394,457544.81,338.41,132.739,313.792,203226.061,156.3305,203375.715,319.024,67.779,0.0,0,0,461130.159,6036.671,363160.869,401668.873,460911.02,286.573,12063.38,12228.666,137720.98450000002,150.6,137868.22,12231.778,72.212,0.0,0,0,492912.294,6456.252,393480.688,433058.998,492691.462,54.7,2464.64,4302.831,129814.8395,1704.371,131541.533,6372.331,1479.1725000000001,0.0,0,0,481282.91,6204.74,382644.423,421733.532,481004.982,14.332,1062.171,1082.914,64661.824,866.8779999999999,65514.343499999995,2891.765,1485.8125,0.0,0,0,-3366.588999999978,11629.38400000002,14995.972999999998
13242,all_to_one_like,0,True,448631.127,6812.02,349514.577,388668.44,448403.683,1089.534,135.556,316.414,202842.82,154.6765,202997.4215,321.554,65.438,0.0,0,0,457275.1,8225.188,360578.484,399585.224,457056.449,2892.556,12296.138,12452.258,137199.8555,148.1615,137346.535,12465.318,76.866,0.0,0,0,495288.222,6105.105,396997.965,436815.682,495056.092,516.622,5422.606,8268.247,133451.6905,1917.7224999999999,135717.48700000002,10110.419,1507.836,0.0,0,0,484731.859,5486.73,387347.063,426737.125,484516.698,16.671,299.998,155.842,67498.10800000001,1139.4265,68637.53450000001,2636.99,1238.5275,0.0,0,0,-8643.972999999998,10556.363000000012,19200.33600000001
13242,all_to_one_like,1,True,460886.991,6148.507,365809.108,403531.986,460655.678,43.44,132.774,312.914,213419.2055,155.098,213574.00900000002,315.92,68.848,0.0,0,0,513784.398,6593.884,399835.415,454217.181,513558.959,1146.7,12063.52,12184.672,169238.7685,138.61700000000002,169377.863,12337.352,147.75,0.0,0,0,506276.305,6754.308,410152.245,448494.554,506060.979,363.784,6694.155,10079.696,130955.9945,1857.5265,133525.064,12612.04,1385.4759999999999,0.0,0,0,499360.075,5787.442,403286.3,441920.923,499144.431,319.32,2274.454,2953.192,65980.356,1090.213,67069.785,5750.771,1455.0975,0.0,0,0,-52897.40700000001,6916.229999999981,59813.63699999999
13242,all_to_one_like,2,True,474108.232,6699.246,376188.049,416739.365,473827.506,1520.562,189.891,308.624,217913.4855,152.79000000000002,218072.497,366.21,97.47300000000001,0.0,0,0,456774.23,6010.652,361216.485,399096.091,456554.184,201.061,11938.443,12095.68,140138.769,152.9525,140288.588,12098.75,75.965,0.0,0,0,488543.848,5627.356,392564.072,431093.657,488327.822,8.585,8244.234,10574.322,131568.75900000002,1837.3495,133583.539,13286.9,1406.4685,0.0,0,0,485474.017,6230.955,389699.673,428137.266,485257.121,189.714,3072.917,3428.227,66031.054,1099.4225000000001,67123.755,5290.9,1390.0865000000001,0.0,0,0,17334.002000000037,3069.8310000000056,-14264.171000000031
13242,balanced,0,True,306790.299,7013.723,252365.885,275085.853,306552.133,1353.022,121.635,306.122,171510.3765,158.34550000000002,171664.7165,309.19,69.87,0.0,0,0,310280.415,5808.881,253301.207,275954.23,310040.128,263.903,1030.113,1031.134,107605.5355,241.2505,107846.891,1034.14,3.456,0.0,0,0,537989.382,151781.432,441897.948,483268.737,537735.853,9056.886,17057.426,17001.713,145309.633,1832.2069999999999,146840.457,17975.557,1052.156,0.0,0,0,321304.074,7546.501,266314.082,289226.811,321051.675,1373.429,1716.212,1661.924,68343.025,1420.42,69735.8155,2576.377,853.5074999999999,0.0,0,0,-3490.11599999998,216685.30799999996,220175.42399999994
13242,balanced,1,True,317426.764,5673.701,259017.646,284708.417,317104.547,362.977,130.858,315.212,169834.72249999997,155.3785,169990.10100000002,323.224,73.494,0.0,0,0,314103.972,6237.117,258675.615,282021.764,313827.865,807.258,1733.379,1738.02,105567.613,239.891,105807.504,1742.724,3.059,0.0,0,0,317475.171,5734.779,261574.679,285292.424,317227.801,374.453,779.984,528.596,133221.71399999998,1644.547,134761.054,1726.674,1104.9065,0.0,0,0,322855.266,5974.196,266352.755,290855.01,322606.496,68.479,588.567,523.272,68709.7385,1426.7825,70136.52100000001,1290.256,990.2149999999999,0.0,0,0,3322.792000000016,-5380.09500000003,-8702.887000000046
13242,balanced,2,True,307483.032,6299.213,252158.199,275171.881,307236.264,501.708,126.73,308.88,169871.31650000002,156.8055,170105.697,315.342,72.166,0.0,0,0,313541.483,6072.364,259415.246,281442.408,313301.112,309.533,1918.548,1915.744,106650.8925,237.76350000000002,106888.656,1918.828,3.343,0.0,0,0,318702.245,5475.602,263449.179,286548.797,318449.811,28.561,341.333,237.572,133073.553,1601.72,134680.543,1486.843,996.8670000000001,0.0,0,0,319959.022,6475.513,264514.32,287619.729,319706.576,904.722,1297.779,1264.397,68422.03899999999,1434.379,69830.01550000001,2114.311,779.781,0.0,0,0,-6058.451000000001,-1256.7770000000019,4801.673999999999
13242,multiple_progressive_shards,0,True,357419.928,4656.795,290973.257,315568.612,357154.929,329.876,133.446,220.382,155686.60749999998,155.5965,155842.204,303.406,69.74799999999999,0.0,0,0,334903.537,10097.191,278629.535,301756.901,334671.025,5297.746,2622.669,2705.696,71271.837,232.099,71503.936,2708.61,5.905,0.0,0,1,338900.332,5512.502,286262.989,306655.753,338668.818,661.904,1595.479,1267.658,141611.01049999997,1403.8995,143087.7065,2395.169,1297.914,0.0,0,0,329118.234,4138.449,274121.331,297189.387,328876.172,132.088,1803.193,2103.768,43434.785,1260.7615,44695.5465,3104.213,862.219,0.0,0,0,22516.391000000003,9782.097999999998,-12734.293000000005
13242,multiple_progressive_shards,1,True,304246.641,5346.946,247712.237,268058.061,303999.618,997.873,107.893,209.482,153857.63650000002,169.00900000000001,154026.6455,259.88,63.026,0.0,0,0,299667.279,4366.273,246073.374,267550.417,299431.814,27.839,308.077,307.536,62408.527,233.893,62642.42,330.608,2.995,0.0,0,0,320381.041,4473.801,265160.362,288014.169,320138.806,204.633,1457.937,2154.387,132966.439,1354.2350000000001,134335.76,2908.059,963.086,0.0,0,0,345312.794,4828.987,287100.816,310079.59,345046.203,488.82,686.488,672.921,43787.852,1245.994,45033.846000000005,1617.921,787.9685,0.0,0,0,4579.362000000023,-24931.752999999968,-29511.11499999999
13242,multiple_progressive_shards,2,True,315006.938,4307.013,254419.595,277467.2,314763.917,114.065,103.365,206.9,152255.2485,248.5605,152505.53149999998,278.54,24.284000000000002,0.0,0,0,393881.972,15068.171,329067.403,351168.719,393632.99,10450.244,6037.044,6057.62,91053.552,222.0475,91275.59950000001,6241.876,38.769,0.0,0,1,331785.496,7681.933,273616.526,297060.035,331501.541,542.64,2738.935,2773.116,135528.726,1653.18,137234.588,3718.288,1311.242,0.0,0,0,322541.756,4061.33,268153.448,290589.228,322289.948,47.725,3010.999,2538.144,46275.7675,1452.0145,47534.024,3216.027,1289.7265,0.0,0,0,-78875.03399999999,9243.73999999999,88118.77399999998
13242,skewed,0,True,416596.985,5666.33,331370.481,368210.153,416362.214,306.268,118.92,306.862,201144.086,156.154,201300.24,309.868,71.862,0.0,0,0,393513.356,5887.448,307778.97,344508.172,393292.659,125.667,12383.334,12555.512,123227.3285,151.6605,123378.136,12558.52,71.744,0.0,0,0,421026.909,5647.63,334969.994,372132.466,420786.773,273.701,2660.169,4024.236,134056.094,1660.051,136096.8175,5627.814,1072.633,0.0,0,0,440535.519,6375.558,352618.7,390838.564,440296.702,563.247,499.951,470.582,68465.4915,1362.469,69820.46299999999,2319.926,1136.6405,0.0,0,0,23083.628999999957,-19508.609999999986,-42592.23899999994
13242,skewed,1,True,413023.455,5996.159,327325.758,364270.856,412778.5,241.353,127.131,312.61,197570.027,156.16649999999998,197724.7405,323.08,72.243,0.0,0,0,392802.265,5797.763,307305.641,344083.384,392572.772,302.216,12380.611,12551.098,123621.542,150.696,123771.622,12554.104,69.436,0.0,0,0,417102.537,5377.463,329567.093,368318.078,416869.511,72.775,2269.935,3340.169,133586.0725,1843.7375,135477.4295,5192.591,1199.0935,0.0,0,0,430789.871,6251.665,343516.922,380981.474,430556.957,1175.259,1987.352,2143.924,68953.4055,1364.391,70317.7965,3618.486,1003.519,0.0,0,0,20221.190000000002,-13687.333999999973,-33908.523999999976
13242,skewed,2,True,386058.66,6954.83,304207.236,337145.949,385829.943,1172.686,127.687,308.746,192256.006,155.31550000000001,192412.61800000002,315.794,68.795,0.0,0,0,409156.456,6699.052,322106.919,360427.535,408931.446,531.636,12397.563,12562.518,123301.5355,155.571,123457.282,12578.898,74.53699999999999,0.0,0,0,412215.845,6069.953,328391.355,362215.804,411929.293,691.975,1544.772,2182.691,133229.934,1677.1745,134907.1085,4106.785,1073.1405,0.0,0,0,469988.132,13430.356,384722.7,419019.684,469707.296,6822.418,9661.951,9433.65,69692.75349999999,1253.109,70912.01800000001,9605.681,987.1365,0.0,0,0,-23097.79600000003,-57772.28700000001,-34674.49099999998
13242,zero_sized_pair,0,True,466137.097,6735.253,365245.851,409142.993,465922.637,409.266,120.348,305.292,212911.709,157.3565,213119.07150000002,308.406,69.76299999999999,0.0,0,0,473210.666,5843.787,370123.685,414465.604,472990.93,59.95,12166.135,12329.878,145208.7455,151.0735,145359.81900000002,12332.762,75.759,0.0,0,0,494080.238,6408.327,389052.824,437106.062,493831.267,150.324,3117.709,3159.636,130963.18299999999,1978.663,132996.65649999998,3792.465,1566.719,0.0,0,0,506796.473,5596.208,404869.814,449129.125,506576.772,39.769,939.917,1167.895,71162.071,1109.666,72399.73300000001,3578.867,1147.906,0.0,0,0,-7073.569000000018,-12716.234999999986,-5642.665999999968
13242,zero_sized_pair,1,True,453762.029,6437.823,352146.276,396077.638,453523.598,480.917,122.655,307.428,205419.41700000002,157.7875,205585.1035,312.738,70.586,0.0,0,0,469153.877,5902.372,367502.694,411264.715,468939.179,210.139,12173.054,12343.216,143932.248,152.5495,144082.8875,12346.924,72.92999999999999,0.0,0,0,504496.628,7205.065,403292.325,447590.448,504282.943,744.436,2151.618,2204.527,130860.223,2118.1735,133498.76,4247.692,1663.93,0.0,0,0,474745.282,5666.854,372994.241,417698.229,474528.428,55.541,2950.113,3371.235,66368.5505,1049.093,67417.2905,3387.61,1236.469,0.0,0,0,-15391.847999999998,29751.34600000002,45143.19400000002
13242,zero_sized_pair,2,True,468648.681,6134.603,368206.322,411840.967,468401.712,36.089,118.46,306.19,214260.3495,157.0055,214417.4635,311.18,67.34400000000001,0.0,0,0,475235.051,6066.556,373910.311,418226.557,474985.413,270.3,12167.766,12334.104,143261.7515,153.849,143429.715,12337.816,76.76599999999999,0.0,0,0,493511.812,6804.831,392016.887,436753.304,493279.905,634.541,1324.297,1362.993,131360.552,1879.2160000000001,132953.797,3302.156,1433.0865000000001,0.0,0,0,496924.514,7606.623,395230.808,439496.822,496708.705,1167.442,2603.54,3008.204,66255.431,1077.1435000000001,67303.469,3852.202,1397.2575,0.0,0,0,-6586.369999999995,-3412.7020000000484,3173.667999999947
